address,type,size
0x4b42a0,float,4
0x4b42a4,float,4
0x4b42a8,float,4
0x4b42c4,float,4
0x4b42c8,float,4
0x4b42cc,float,4
0x4b42d0,float,4
0x4b42d4,float,4
0x4b42d8,float,4
0x4b42dc,float,4
0x4b42e0,float,4
0x4b42e4,float,4
0x4b42e8,float,4
0x4b42ec,float,4
0x4b42f0,float,4
0x4b42f4,float,4
0x4b42f8,float,4
0x4b42fc,float,4
0x4b4300,float,4
0x4b4304,float,4
0x4b4308,float,4
0x4b430c,float,4
0x4b4320,float,4
0x4b4324,float,4
0x4b4328,float,4
0x4b432c,float,4
0x4b4330,float,4
0x4b4334,float,4
0x4b4338,float,4
0x4b4380,float,4
0x4b4384,float,4
0x4b4388,float,4
0x4b438c,float,4
0x4b4390,float,4
0x4b4394,float,4
0x4b4398,float,4
0x4b439c,float,4
0x4b43b4,float,4
0x4b43b8,float,4
0x4b43ec,float,4
0x4b4434,float,4
0x4b4438,float,4
0x4b443c,float,4
0x4b4440,float,4
0x4b4460,float,4
0x4b4464,float,4
0x4b4468,float,4
0x4b44bc,float,4
0x4b44c0,float,4
0x4b4520,float,4
0x4b4524,float,4
0x4b4528,float,4
0x4b452c,float,4
0x4b4530,float,4
0x4b4534,float,4
0x4b4538,float,4
0x4b454c,float,4
0x4b4550,float,4
0x4b4554,float,4
0x4b456c,float,4
0x4b4570,float,4
0x4b4804,float,4
0x4b4878,float,4
0x4b487c,float,4
0x4b4880,float,4
0x4b4884,float,4
0x4b4888,float,4
0x4b48c8,float,4
0x4b48cc,float,4
0x4b48d0,float,4
0x4b48d4,float,4
0x4b48d8,float,4
0x4b48dc,float,4
0x4b48e0,float,4
0x4b48e4,float,4
0x4b48e8,float,4
0x4b48ec,float,4
0x4b48f0,float,4
0x4b48f4,float,4
0x4b48f8,float,4
0x4b48fc,float,4
0x4b4900,float,4
0x4b4904,float,4
0x4b4908,float,4
0x4b490c,float,4
0x4b4910,float,4
0x4b4914,float,4
0x4b4918,float,4
0x4b491c,float,4
0x4b4920,float,4
0x4b4924,float,4
0x4b4928,float,4
0x4b492c,float,4
0x4b4930,float,4
0x4b4934,float,4
0x4b4938,float,4
0x4b493c,float,4
0x4b4940,float,4
0x4b4944,float,4
0x4b4948,float,4
0x4b494c,float,4
0x4b4950,float,4
0x4b4954,float,4
0x4b4958,float,4
0x4b4970,float,4
0x4b4974,float,4
0x4b4978,float,4
0x4b497c,float,4
0x4b4980,float,4
0x4b4984,float,4
0x4b4988,float,4
0x4b498c,float,4
0x4b4990,float,4
0x4b4994,float,4
0x4b4998,float,4
0x4b49a0,float,8
0x4b49a8,float,4
0x4b49b4,float,4
0x4b49b8,float,4
0x4b49bc,float,4
0x4b4aa8,float,4
0x4b4ab8,float,4
0x4b4abc,float,4
0x4b4ac0,float,4
0x4b4ac4,float,4
0x4b4c7c,float,4
0x4b4c80,float,4
0x4b4c84,float,4
0x4b4c88,float,8
0x4b4c90,float,8
0x4b4c98,float,8
0x4b4cc0,float,4
0x4b4cc4,float,4
0x4b4cc8,float,4
0x4b4ccc,float,4
0x4b4cd0,float,4
0x4b4cd4,float,4
0x4b4ce8,float,4
0x4b4cf4,float,4
0x4b4cf8,float,4
0x4b4cfc,float,4
0x4b4d00,float,4
0x4b4d04,float,4
0x4b4d08,float,4
0x4b4d0c,float,4
0x4b4d10,float,4
0x4b4d14,float,4
0x4b4d18,float,4
0x4b4d1c,float,4
0x4b4d20,float,4
0x4b4d24,float,4
0x4b4d30,float,4
0x4b4d34,float,4
0x4b4d38,float,4
0x4b4d3c,float,4
0x4b4d40,float,4
0x4b4d5c,float,4
0x4b4d64,float,4
0x4b4f28,float,4
0x4b4f44,float,4
0x4b4fb0,float,4
0x4b580c,float,4
0x4b5810,float,4
0x4b5814,float,4
0x4b5818,float,4
0x4b581c,float,4
0x4b595c,float,4
0x4b5b10,float,4
0x4b5b14,float,4
0x4b5b28,float,4
0x4b5b2c,float,4
0x4b5b30,float,8
0x4b5b38,float,4
0x4b5b3c,float,4
0x4b5b40,float,4
0x4b5bd8,float,8
0x4b663c,float,4
0x4b670c,float,4
0x4b6774,float,4
0x4b6778,float,4
0x4b67d8,float,4
0x4b6930,float,4
0x4b6934,float,4
0x4b6944,float,4
0x4b6e7c,float,4
0x4b6e94,float,4
0x4b6e98,float,4
0x4b6e9c,float,4
0x4b6f28,float,8
0x4b6f30,float,4
0x4b6fd4,float,4
0x4b6fd8,float,4
0x4b6fdc,float,4
0x4b6fe0,float,4
0x4b6fe4,float,4
0x4b7088,float,4
0x4b77f8,float,8
0x4b7af4,float,4
0x4b7af8,float,4
0x4b7b28,float,4
0x4b7b2c,float,4
0x4b7b34,float,4
0x4b7b38,float,4
0x4b7b3c,float,4
0x4b7c40,float,4
0x4b7c54,float,4
0x4b7c70,float,4
0x4b7c74,float,4
0x4b7c80,float,4
0x4b7d00,float,4
0x4b847c,float,4
0x4b92f8,float,4
0x4b95ac,float,4
0x4b95b0,float,4
0x4b95b4,float,4
0x4b95b8,float,4
0x4b95bc,float,4
0x4b95c0,float,4
0x4b95c4,float,4
0x4b95c8,float,4
0x4b95cc,float,4
0x4b95d0,float,4
0x4b95d4,float,4
0x4b95f4,float,4
0x4b95f8,float,4
0x4b960c,float,4
0x4b9610,float,4
0x4b9628,float,4
0x4b9638,float,4
0x4b963c,float,4
0x4b967c,float,4
0x4b968c,float,4
0x4b9690,float,4
0x4b9db4,float,4
0x4b9db8,float,4
0x4b9dc0,float,4
0x4b9dc4,float,4
0x4b9dc8,float,4
0x4b9dcc,float,4
0x4b9dd0,float,4
0x4b9dd4,float,4
0x4c7fe8,float,4
0x4c7fec,float,4
0x4c7ff0,float,4
0x4c7ff4,float,4
0x4c7ff8,float,4
0x4c9fd0,float,4
0x4c9fe0,float,4
0x4ca180,float,4
0x4ca190,float,4
0x18da00c,float,4
0x18da010,float,4
0x18da014,float,4
0x18da220,float,4
0x18da224,float,4
0x18da228,float,4
0x18da22c,float,4
0x18da230,float,4
0x18da234,float,4
