name,address,type
th08::AsciiManager::AsciiManager,0x402000,function
th08::AsciiManagerString::AsciiManagerString,0x402130,function
th08::PauseMenu::PauseMenu,0x402150,function
th08::RetryMenu::RetryMenu,0x402190,function
th08::AsciiManagerPopup::AsciiManagerPopup,0x4021d0,function
th08::AsciiManager::OnUpdate,0x402200,function
th08::AsciiManager::OnDrawLowPrio,0x4023d0,function
th08::AsciiManager::OnDrawHighPrio,0x402430,function
th08::AsciiManager::Reset,0x402450,function
th08::AsciiManager::InitializeVms,0x402600,function
th08::AsciiManager::RegisterChain,0x402780,function
th08::AsciiManager::AddedCallback,0x402830,function
th08::AsciiManager::DeletedCallback,0x4028c0,function
th08::AsciiManager::CutChain,0x4028f0,function
th08::AsciiManager::AddString,0x402920,function
th08::AsciiManager::AddFormatText,0x402a30,function
th08::AsciiManager::AddFormatText2,0x402a80,function
th08::AsciiManager::OnDrawLowPrioImpl,0x402b20,function
fabs,0x4031e0,function
th08::AsciiManager::CreateScorePopup,0x403200,function
th08::AsciiManager::CreatePlayerPointPopup,0x403330,function
th08::AsciiManager::CreateTimePopup,0x403460,function
th08::AsciiManager::CreateFamiliarPopup,0x403600,function
th08::PauseMenu::OnUpdatePauseMenu,0x4037b0,function
D3DXVECTOR3::D3DXVECTOR3,0x404720,function
th08::PauseMenu::OnDrawPauseMenu,0x404750,function
th08::RetryMenu::OnUpdateRetryMenu,0x404890,function
th08::Spellcard::FUN_00405260,0x405260,function
th08::PlstPlayCounts::IncrementTotalAttempts,0x405280,function
th08::RetryMenu::OnDrawRetryMenu,0x4052b0,function
th08::AsciiManager::OnDrawHighPrioImpl,0x405420,function
th08::AsciiManager::DrawPercentage,0x405e10,function
th08::ChainElem::SetCallback,0x406520,function
th08::Supervisor::IsSoftwareTexturing,0x406550,function
th08::Supervisor::IsFogDisabled,0x406580,function
th08::ZunTimer::ZunTimer,0x4065a0,function
th08::ZunTimer::Initialize,0x4065c0,function
th08::ZunTimer::operator=,0x4065f0,function
th08::ZunTimer::SetCurrent,0x406610,function
th08::ZunTimer::operator++(int),0x406640,function
th08::ZunTimer::Tick,0x406660,function
th08::ZunTimer::operator<,0x4066a0,function
th08::ZunTimer::operator>,0x4066c0,function
th08::AnmVm::IsVisible,0x4066e0,function
th08::AnmVm::ClearVisible,0x406700,function
th08::AnmVm::AnmVm,0x406720,function
th08::AnmPrefix::AnmPrefix,0x4067c0,function
`eh_vector_constructor_iterator',0x406850,function
th08::AnmLoaded::GetSprite,0x406880,function
th08::AnmLoaded::InitializeAndSetSprite,0x4068a0,function
th08::AnmVm::Initialize,0x4068e0,function
D3DXMatrixIdentity,0x406940,function
th08::AnmLoaded::SetAndExecuteScriptIdx,0x4069f0,function
th08::AnmManager::SetTextureCaptureParams,0x406a30,function
th08::SoundPlayer::FadeIn,0x406ac0,function
th08::CStreamingSound::FadeIn,0x406af0,function
th08::SoundPlayer::PartialFadeOut,0x406b40,function
th08::CStreamingSound::PartialFadeOut,0x406b70,function
th08::SoundPlayer::PartialFadeIn,0x406bb0,function
th08::CStreamingSound::PartialFadeIn,0x406be0,function
th08::SoundPlayer::Pause,0x406c30,function
th08::SoundPlayer::UnPause,0x406c50,function
th08::GameManager::GetFlag14,0x406c70,function
th08::GameManager::GetFlag3,0x406c90,function
th08::GameManager::GetFlag1,0x406cb0,function
th08::GameManager::GetFlag0,0x406cd0,function
th08::GameManager::GetYoukaiGauge,0x406cf0,function
th08::GameManager::GaugeIsExtremelyHuman,0x406d10,function
th08::GameManager::GaugeIsModeratelyHuman,0x406d40,function
th08::GameManager::GaugeIsExtremelyYoukai,0x406d70,function
th08::GameManager::GaugeIsModeratelyYoukai,0x406da0,function
th08::GameManager::GetClockTime,0x406dd0,function
th08::GameManager::AddToClockTime,0x406df0,function
th08::GameManager::SetLives,0x406e20,function
th08::GameManager::UpdateAntiTamper,0x406e50,function
th08::Rng::GetRandomU32InRange,0x406ef0,function
th08::GameManager::SetBombCount,0x406f30,function
th08::GameManager::SetPower,0x406fa0,function
th08::AsciiManager::UpdateVms,0x406fd0,function
th08::AsciiManager::SetGaugeInterrupt,0x4070b0,function
th08::AnmVm::SetInterrupt,0x407120,function
th08::AsciiManager::GetGaugeInterrupt,0x407140,function
th08::AsciiManager::ResetStrings,0x407160,function
th08::AsciiManager::SetSpaceWidth,0x407180,function
th08::Background::Background,0x4071a0,function
th08::BackgroundUnkVectors::BackgroundUnkVectors,0x4073b0,function
th08::Background::OnUpdate,0x407400,function
cosf,0x408d40,function
th08::Background::FUN_00408d60,0x408d60,function
FUN_00408fc0,0x408fc0,function
sinf,0x409060,function
D3DXVECTOR3::operator+,0x409080,function
D3DXVECTOR3::operator-,0x4090d0,function
D3DXVECTOR3::operator*,0x409120,function
th08::Background::FUN_00409160,0x409160,function
th08::Background::OnDrawHighPrio,0x409200,function
th08::Background::OnDrawLowPrio,0x409640,function
th08::Background::AddedCallback,0x409850,function
th08::Background::RegisterChain,0x409b20,function
th08::Background::DeletedCallback,0x409c20,function
th08::Background::CutChain,0x409ca0,function
th08::Background::LoadStageData,0x409ce0,function
th08::Background::FUN_00409f40,0x409f40,function
th08::Background::RenderObjects,0x40a1b0,function
sqrtf,0x40b440,function
D3DXVECTOR3::D3DXVECTOR3,0x40b460,function
D3DXVECTOR3::operator/=,0x40b470,function
D3DXVec3Length,0x40b4c0,function
D3DXVec3LengthSq,0x40b500,function
D3DXVec3Dot,0x40b540,function
th08::VertexDiffuseXyzrhw::VertexDiffuseXyzrhw,0x40b580,function
th08::Background::SetCamera1,0x40b5a0,function
th08::Background::SetCamera2,0x40b6d0,function
D3DXVec3Cross,0x40b7f0,function
th08::ZunMemory::Alloc,0x40b880,function
th08::ZunMemory::Free,0x40b8a0,function
th08::ZunTimer::operator_float,0x40b8c0,function
th08::ZunTimer::operator>=,0x40b8e0,function
th08::IsDisableResourceReload,0x40b900,function
th08::AnmLoaded::ExecuteAnmIdx,0x40b910,function
th08::AnmManager::ClearBlendMode,0x40b9b0,function
th08::AnmManager::ClearColorOp,0x40b9d0,function
th08::AnmManager::ClearVertexShader,0x40b9f0,function
th08::AnmManager::ClearTexture,0x40ba10,function
th08::AnmManager::ClearZWriteSetting,0x40ba30,function
th08::AnmManager::ClearSprite,0x40ba50,function
th08::AnmManager::ClearCameraSettings,0x40ba70,function
th08::AnmManager::SetCameraMode,0x40ba90,function
th08::AnmManager::SetMixColorDefault,0x40bab0,function
th08::AnmManager::SetMixColor,0x40bad0,function
th08::AnmManager::Draw2DAndFlush,0x40baf0,function
th08::AnmManager::ResetFrameDebugInfo,0x40bb20,function
th08::AnmManager::GetAnm,0x40bb60,function
th08::GameManager::IsTampered,0x40bb80,function
th08::Player::IsHuman,0x40bc20,function
th08::Player::IsYoukai,0x40bc40,function
FUN_0040bc60,0x40bc60,function
FUN_0040be30,0x40be30,function
FUN_0040bf00,0x40bf00,function
FUN_0040c010,0x40c010,function
FUN_0040c7b0,0x40c7b0,function
D3DXVECTOR3::operator/,0x40c7d0,function
FUN_0040c820,0x40c820,function
FUN_0040c910,0x40c910,function
FUN_0040d010,0x40d010,function
FUN_0040d100,0x40d100,function
FUN_0040d310,0x40d310,function
th08::Rng::GetRandomF32InRange,0x40d390,function
th08::ZunTimer::operator_int,0x40d3b0,function
FUN_0040d3d0,0x40d3d0,function
th08::ZunTimer::operator==,0x40d3f0,function
th08::ZunTimer::operator%,0x40d410,function
FUN_0040d430,0x40d430,function
FUN_0040d950,0x40d950,function
FUN_0040d970,0x40d970,function
FUN_0040dee0,0x40dee0,function
FUN_0040e040,0x40e040,function
FUN_0040e120,0x40e120,function
FUN_0040e200,0x40e200,function
FUN_0040e2d0,0x40e2d0,function
FUN_0040e350,0x40e350,function
th08::ZunTimer::operator<=,0x40e390,function
FUN_0040e3b0,0x40e3b0,function
FUN_0040e610,0x40e610,function
FUN_0040e780,0x40e780,function
FUN_0040eb50,0x40eb50,function
FUN_0040ebc0,0x40ebc0,function
th08::AnmVm::SetZRotation,0x40ec00,function
FUN_0040ec30,0x40ec30,function
FUN_0040eca0,0x40eca0,function
FUN_0040ed50,0x40ed50,function
FUN_0040eda0,0x40eda0,function
FUN_0040ee10,0x40ee10,function
FUN_0040f550,0x40f550,function
FUN_0040f570,0x40f570,function
FUN_0040fcb0,0x40fcb0,function
FUN_0040fcd0,0x40fcd0,function
FUN_00410300,0x410300,function
FUN_004103f0,0x4103f0,function
FUN_00410a70,0x410a70,function
FUN_00410ac0,0x410ac0,function
FUN_00410bb0,0x410bb0,function
th08::Rng::GetRandomU16InRange,0x410c00,function
FUN_00410c40,0x410c40,function
FUN_00410fe0,0x410fe0,function
FUN_004113a0,0x4113a0,function
FUN_004114e0,0x4114e0,function
FUN_00411720,0x411720,function
FUN_004117b0,0x4117b0,function
FUN_00411a80,0x411a80,function
FUN_00411b10,0x411b10,function
FUN_00412300,0x412300,function
FUN_004123d0,0x4123d0,function
FUN_00412fa0,0x412fa0,function
FUN_00413070,0x413070,function
FUN_00413140,0x413140,function
FUN_00413890,0x413890,function
FUN_00413990,0x413990,function
FUN_004142c0,0x4142c0,function
th08::Rng::GetRandomF32SignedInRange,0x4143c0,function
th08::Spellcard::Spellcard,0x4143e0,function
FUN_004144d0,0x4144d0,function
FUN_00414540,0x414540,function
th08::Spellcard::Init,0x414590,function
FUN_004152a0,0x4152a0,function
FUN_00415c60,0x415c60,function
FUN_00415c80,0x415c80,function
th08::Background::FUN_00415ce0,0x415ce0,function
FUN_00415d10,0x415d10,function
FUN_00415d60,0x415d60,function
FUN_00415f00,0x415f00,function
FUN_00416130,0x416130,function
FUN_00416160,0x416160,function
FUN_004161b0,0x4161b0,function
FUN_00416ad0,0x416ad0,function
FUN_00416af0,0x416af0,function
FUN_00416b10,0x416b10,function
th08::Spellcard::SpellcardOnUpdateImpl,0x416b90,function
FUN_00417860,0x417860,function
FUN_004178a0,0x4178a0,function
th08::Spellcard::OnDrawImpl,0x4178c0,function
th08::Spellcard::RegisterChain,0x417f60,function
th08::Spellcard::OnUpdate,0x418010,function
th08::Spellcard::OnDraw,0x418030,function
th08::Spellcard::DeletedCallback,0x418050,function
th08::Spellcard::CutChain,0x4180f0,function
th08::ZunTimer::operator--(int),0x418110,function
th08::GameManager::FUN_00418130,0x418130,function
th08::GameManager::FUN_00418180,0x418180,function
th08::GameManager::AddScore,0x4181f0,function
th08::GameManager::AddTimeOrbs,0x418220,function
FUN_004182e0,0x4182e0,function
FUN_00418300,0x418300,function
th08::EclManager::Load,0x418330,function
FUN_00418420,0x418420,function
FUN_00418450,0x418450,function
th08::EclManager::RunEcl,0x4184b0,function
FUN_0041efc0,0x41efc0,function
FUN_0041f000,0x41f000,function
FUN_0041f040,0x41f040,function
fmodf,0x41f090,function
FUN_0041f0b0,0x41f0b0,function
FUN_0041f0e0,0x41f0e0,function
FUN_0041f110,0x41f110,function
FUN_0041f280,0x41f280,function
FUN_0041f400,0x41f400,function
FUN_0041f420,0x41f420,function
FUN_0041fd20,0x41fd20,function
FUN_0041fd40,0x41fd40,function
FUN_0041fd90,0x41fd90,function
FUN_0041fdd0,0x41fdd0,function
th08::ZunTimer::operator+=,0x41fdf0,function
FUN_0041fe10,0x41fe10,function
FUN_00420120,0x420120,function
FUN_00420950,0x420950,function
FUN_00420d10,0x420d10,function
FUN_00420f40,0x420f40,function
FUN_00421120,0x421120,function
FUN_00421180,0x421180,function
FUN_00421280,0x421280,function
FUN_004212e0,0x4212e0,function
FUN_00421300,0x421300,function
FUN_004213f0,0x4213f0,function
FUN_004215f0,0x4215f0,function
th08::GameManager::GetTimeOrbs,0x421b60,function
th08::GameManager::GetLastSpellTimeOrbThreshold,0x421b80,function
th08::GameManager::ScaleIntBasedOnRank,0x421ba0,function
FUN_00421bd0,0x421bd0,function
FUN_00421cb0,0x421cb0,function
th08::utils::DebugPrint,0x421dd0,function
FUN_00421de0,0x421de0,function
FUN_00421e50,0x421e50,function
FUN_00422020,0x422020,function
FUN_004222b0,0x4222b0,function
th08::GameManager::GetPower,0x422480,function
FUN_004224a0,0x4224a0,function
FUN_00422720,0x422720,function
th08::GameManager::ScaleFloatBasedOnRank,0x422b80,function
th08::AsciiManager::FUN_00422bb0,0x422bb0,function
th08::AsciiManager::SetBossMarkerPosition,0x422be0,function
FUN_00422c20,0x422c20,function
FUN_00422c40,0x422c40,function
FUN_004230c0,0x4230c0,function
FUN_004230e0,0x4230e0,function
FUN_00423110,0x423110,function
FUN_00423130,0x423130,function
FUN_00423150,0x423150,function
th08::EclExIns::MystiaNightBlindness,0x423390,function
FUN_004233d0,0x4233d0,function
FUN_00423400,0x423400,function
FUN_00423530,0x423530,function
FUN_004235a0,0x4235a0,function
FUN_00423a60,0x423a60,function
FUN_00423d70,0x423d70,function
FUN_00423db0,0x423db0,function
FUN_00423e20,0x423e20,function
FUN_00424130,0x424130,function
FUN_00424170,0x424170,function
FUN_004241e0,0x4241e0,function
FUN_004244f0,0x4244f0,function
FUN_004246e0,0x4246e0,function
FUN_00424730,0x424730,function
FUN_00424820,0x424820,function
FUN_00424910,0x424910,function
FUN_00424a00,0x424a00,function
th08::EclExIns::ReisenFreezeBullets,0x424a20,function
FUN_00424c40,0x424c40,function
FUN_00424e00,0x424e00,function
FUN_00424e20,0x424e20,function
FUN_00424e50,0x424e50,function
FUN_00424f60,0x424f60,function
FUN_00424f90,0x424f90,function
FUN_00424fc0,0x424fc0,function
FUN_00424ff0,0x424ff0,function
FUN_00425020,0x425020,function
FUN_00425040,0x425040,function
FUN_00425070,0x425070,function
FUN_004250d0,0x4250d0,function
FUN_004251b0,0x4251b0,function
FUN_00425290,0x425290,function
FUN_00425390,0x425390,function
FUN_004253e0,0x4253e0,function
th08::EffectManager::ResetEffects,0x425410,function
FUN_00425430,0x425430,function
FUN_00425650,0x425650,function
FUN_00425870,0x425870,function
FUN_004259e0,0x4259e0,function
FUN_00425b70,0x425b70,function
FUN_00425d70,0x425d70,function
FUN_00425e60,0x425e60,function
FUN_00425ea0,0x425ea0,function
FUN_00425fa0,0x425fa0,function
FUN_00425fe0,0x425fe0,function
FUN_00426030,0x426030,function
FUN_00426280,0x426280,function
FUN_004264f0,0x4264f0,function
FUN_00426720,0x426720,function
FUN_00426990,0x426990,function
FUN_00426b20,0x426b20,function
FUN_00426bb0,0x426bb0,function
FUN_00426c40,0x426c40,function
FUN_00426c90,0x426c90,function
FUN_00426d10,0x426d10,function
FUN_00426d70,0x426d70,function
FUN_00426e70,0x426e70,function
FUN_004270c0,0x4270c0,function
FUN_004271a0,0x4271a0,function
FUN_00427250,0x427250,function
FUN_00427260,0x427260,function
FUN_004272e0,0x4272e0,function
FUN_00427450,0x427450,function
FUN_00427970,0x427970,function
FUN_00427990,0x427990,function
FUN_004279d0,0x4279d0,function
FUN_00427a60,0x427a60,function
FUN_00427ae0,0x427ae0,function
FUN_00427b50,0x427b50,function
FUN_00427bf0,0x427bf0,function
FUN_00427f00,0x427f00,function
th08::EffectManager::DrawUnkTypeEffects,0x428100,function
FUN_004281e0,0x4281e0,function
FUN_00428310,0x428310,function
FUN_004284b0,0x4284b0,function
FUN_00428590,0x428590,function
FUN_00428620,0x428620,function
th08::EffectManager::CutChain,0x4286b0,function
FUN_004286e0,0x4286e0,function
FUN_00428700,0x428700,function
FUN_00428720,0x428720,function
th08::EffectManager::EffectManager,0x428740,function
th08::Effect::Effect,0x4287e0,function
th08::Ending::ReadEndFileParameter,0x428890,function
th08::Ending::FadingEffect,0x428910,function
th08::Ending::ParseEndFile,0x428b80,function
th08::Ending::LoadEnding,0x4295e0,function
th08::Ending::RegisterChain,0x4296a0,function
th08::Ending::Ending,0x4297b0,function
th08::Ending::OnUpdate,0x429860,function
th08::Ending::OnDraw,0x4298f0,function
th08::Ending::AddedCallback,0x429980,function
th08::Ending::DeletedCallback,0x429d40,function
th08::ZunMemory::AddToRegistry,0x429de0,function
th08::ZunMemory::RemoveFromRegistry,0x429df0,function
th08::EnemyManager::Initialize,0x429e00,function
th08::EnemyManager::EnemyManager,0x42a210,function
th08::Enemy::Enemy,0x42a280,function
FUN_0042a410,0x42a410,function
FUN_0042a450,0x42a450,function
FUN_0042a490,0x42a490,function
FUN_0042a4c0,0x42a4c0,function
FUN_0042a4e0,0x42a4e0,function
FUN_0042a680,0x42a680,function
FUN_0042a820,0x42a820,function
FUN_0042a8a0,0x42a8a0,function
FUN_0042adb0,0x42adb0,function
FUN_0042b2f0,0x42b2f0,function
FUN_0042b370,0x42b370,function
FUN_0042b490,0x42b490,function
FUN_0042b930,0x42b930,function
FUN_0042bc50,0x42bc50,function
FUN_0042bc90,0x42bc90,function
FUN_0042bcf0,0x42bcf0,function
FUN_0042bea0,0x42bea0,function
FUN_0042c180,0x42c180,function
FUN_0042c290,0x42c290,function
FUN_0042c3b0,0x42c3b0,function
FUN_0042c420,0x42c420,function
th08::EnemyManager::RegisterChain,0x42c590,function
th08::EnemyManager::OnUpdate,0x42c660,function
FUN_0042deb0,0x42deb0,function
FUN_0042dfb0,0x42dfb0,function
FUN_0042dfd0,0x42dfd0,function
FUN_0042dff0,0x42dff0,function
FUN_0042e010,0x42e010,function
th08::EnemyManager::OnDrawHighPrio,0x42e120,function
th08::EnemyManager::OnDrawImpl,0x42e140,function
FUN_0042eb10,0x42eb10,function
th08::EnemyManager::OnDrawLowPrio,0x42eb90,function
th08::EnemyManager::AddedCallback,0x42ebf0,function
th08::EnemyManager::DeletedCallback,0x42ee80,function
th08::EnemyManager::CutChain,0x42ef70,function
FUN_0042efb0,0x42efb0,function
FUN_0042f1f0,0x42f1f0,function
th08::GameManager::IsSoloHuman,0x42f230,function
th08::GameManager::IsSoloYoukai,0x42f270,function
th08::GameManager::GetLives,0x42f2b0,function
th08::AsciiManager::FUN_0042f2d0,0x42f2d0,function
th08::AsciiManager::SetScale,0x42f2f0,function
FUN_0042f320,0x42f320,function
FUN_0042f340,0x42f340,function
th08::BulletManager::Initialize,0x42f360,function
th08::BulletManager::BulletManager,0x42f420,function
th08::BulletTypeSprites::BulletTypeSprites,0x42f4a0,function
th08::Bullet::Bullet,0x42f500,function
th08::Laser::Laser,0x42f580,function
th08::BulletExState::BulletExState,0x42f5c0,function
FUN_0042f5f0,0x42f5f0,function
FUN_0042fe70,0x42fe70,function
FUN_0042fea0,0x42fea0,function
FUN_0042ff70,0x42ff70,function
FUN_0042ffc0,0x42ffc0,function
FUN_00430830,0x430830,function
FUN_00430aa0,0x430aa0,function
FUN_00430ab0,0x430ab0,function
FUN_00430d30,0x430d30,function
FUN_00430e10,0x430e10,function
FUN_00430f20,0x430f20,function
th08::BulletManager::RegisterChain,0x4311a0,function
th08::BulletManager::OnUpdate,0x431240,function
FUN_00432170,0x432170,function
FUN_004321b0,0x4321b0,function
FUN_00432210,0x432210,function
FUN_004322b0,0x4322b0,function
FUN_00432390,0x432390,function
FUN_00432460,0x432460,function
FUN_004325a0,0x4325a0,function
FUN_004326e0,0x4326e0,function
FUN_00432830,0x432830,function
FUN_004329f0,0x4329f0,function
FUN_00432aa0,0x432aa0,function
th08::BulletManager::OnDraw,0x432b50,function
th08::BulletManager::DrawSingleBullet,0x432f20,function
th08::BulletManager::AddedCallback,0x433070,function
FUN_004337f0,0x4337f0,function
th08::BulletManager::DeletedCallback,0x433820,function
th08::BulletManager::CutChain,0x433850,function
FUN_00433880,0x433880,function
FUN_004338b0,0x4338b0,function
FUN_004338c0,0x4338c0,function
th08::Gui::OnUpdate,0x4338ca,function
th08::Gui::OnDraw,0x433927,function
FUN_0043396d,0x43396d,function
th08::GuiImpl::RunMsg,0x433db3,function
FUN_004353ec,0x4353ec,function
th08::GuiImpl::DrawDialogue,0x43542b,function
th08::Gui::MsgWait,0x43587e,function
th08::Gui::FUN_004358bb,0x4358bb,function
th08::Gui::FUN_00435900,0x435900,function
th08::Gui::DrawGameScene,0x43625d,function
th08::Gui::FUN_0043741d,0x43741d,function
th08::Gui::AddedCallback,0x437a2f,function
th08::Gui::DeletedCallback,0x437a40,function
th08::Gui::RegisterChain,0x437ad0,function
th08::GuiImpl::GuiImpl,0x437bc4,function
th08::utils::GuiDebugPrint,0x437cdd,function
th08::GuiMsgVm::GuiMsgVm,0x437ce2,function
th08::GuiFormattedText::GuiFormattedText,0x437d45,function
th08::Gui::CutChain,0x437d64,function
th08::Gui::FUN_00437d87,0x437d87,function
FUN_00437dc7,0x437dc7,function
FUN_00437ddd,0x437ddd,function
FUN_00437e5d,0x437e5d,function
FUN_00437edc,0x437edc,function
FUN_00437f5c,0x437f5c,function
FUN_00438046,0x438046,function
th08::Gui::FUN_0043826b,0x43826b,function
th08::Supervisor::IsMinimumGraphicsMode,0x438a29,function
th08::Supervisor::IsDepthTestDisabled,0x438a41,function
th08::Supervisor::IsColorCompositingDisabled,0x438a59,function
th08::Supervisor::IsHUDRedrawEnabled,0x438a71,function
th08::Gui::FUN_00438a89,0x438a89,function
th08::Gui::FUN_00438f58,0x438f58,function
FUN_00438fe9,0x438fe9,function
FUN_00438ff3,0x438ff3,function
th08::IsDisableResourceReload,0x438ffd,function
FUN_00439007,0x439007,function
FUN_00439050,0x439050,function
FUN_00439093,0x439093,function
FUN_004390d6,0x4390d6,function
th08::Gui::ActualAddedCallback,0x4390ee,function
FUN_004396b8,0x4396b8,function
th08::AnmVm::IsStopped,0x4396f8,function
th08::Gui::LoadMsg,0x439710,function
th08::Gui::FreeMsgFile,0x4397d5,function
FUN_00439810,0x439810,function
th08::GameManager::FUN_00439829,0x439829,function
th08::GameManager::FUN_00439856,0x439856,function
th08::GameManager::AddToBombCount,0x439883,function
th08::GameManager::GetBombsRemaining,0x4398ce,function
th08::AsciiManager::SetColor,0x4398e8,function
th08::AsciiManager::SetIsGuiMode,0x4398ff,function
FUN_00439916,0x439916,function
FUN_00439961,0x439961,function
th08::GameManager::IsWithinPlayfield,0x4399ac,function
th08::GameManager::CalcAntiTamperChecksum,0x439a2e,function
th08::GameManager::CalcChecksum,0x439ac5,function
th08::GameManager::CollectExtend,0x439b29,function
th08::GameManager::OnUpdate,0x439bc7,function
th08::GameManager::OnDraw,0x43aa03,function
th08::GameManager::RegisterChain,0x43aa5c,function
th08::GameManager::AddedCallback,0x43aaf4,function
th08::GameManager::GameplaySetupThread,0x43abd7,function
th08::GameManager::InitRankParams,0x43b936,function
th08::GameManager::InitializeAntiTamper,0x43b984,function
FUN_0043bbe1,0x43bbe1,function
FUN_0043be09,0x43be09,function
th08::GameManager::DeletedCallback,0x43be2c,function
th08::GameManager::CutChain,0x43bf6e,function
th08::GameManager::IncreaseSubrank,0x43bfc3,function
th08::GameManager::DecreaseSubrank,0x43c03f,function
th08::GameManager::AddToYoukaiGauge,0x43c0bb,function
th08::GameManager::FinalBCleared,0x43c15f,function
th08::GameManager::FinalBClearedWithAnyTeam,0x43c1e9,function
th08::GameManager::FinalACleared,0x43c23b,function
th08::GameManager::FinalAClearedWithAnyTeam,0x43c2c5,function
FUN_0043c317,0x43c317,function
th08::GameManager::FUN_0043c322,0x43c322,function
th08::GameManager::GetClockTimeIncrement,0x43c35f,function
th08::GameManager::AdvanceToNextStage,0x43c4b3,function
th08::GameManager::GameManager,0x43c5e1,function
th08::GameManager::AddLives,0x43c641,function
th08::GameManager::InitArcadeRegionParams,0x43c686,function
th08::Chain::~Chain,0x43c710,function
th08::ChainElem::ChainElem,0x43c760,function
th08::ChainElem::~ChainElem,0x43c7d0,function
th08::Chain::Chain,0x43c830,function
th08::Chain::AddToCalcChain,0x43c880,function
th08::Chain::AddToDrawChain,0x43c960,function
th08::Chain::RunCalcChain,0x43ca50,function
th08::Chain::RunDrawChain,0x43cb60,function
th08::Chain::ReleaseSingleChain,0x43cc60,function
th08::ChainElem::`scalar deleting destructor',0x43ce00,function
th08::Chain::Release,0x43ce30,function
th08::Chain::CreateElem,0x43ce60,function
th08::Chain::Cut,0x43cf10,function
th08::Chain::CutImpl,0x43cf50,function
th08::Controller::GetJoystickCaps,0x43d0c0,function
th08::Controller::GetControllerInput,0x43d120,function
th08::Controller::SetButtonFromDirectInputJoystate,0x43d6e0,function
th08::Controller::SetButtonFromControllerInputs,0x43d760,function
th08::Controller::GetControllerState,0x43d7e0,function
th08::Controller::GetInput,0x43d970,function
th08::Controller::ResetKeyboard,0x43e160,function
th08::FileSystem::Decrypt,0x43e1d0,function
th08::FileSystem::TryDecryptFromTable,0x43e390,function
th08::FileSystem::Encrypt,0x43e4a0,function
th08::FileSystem::OpenFile,0x43e660,function
th08::FileSystem::CheckIfFileAlreadyExists,0x43e880,function
th08::FileSystem::WriteDataToFile,0x43e8f0,function
th08::GameErrorContext::Log,0x43ea00,function
th08::GameErrorContext::Fatal,0x43eb60,function
th08::Rng::GetRandomU16,0x43ecc0,function
th08::Rng::GetRandomU32,0x43ed20,function
th08::Rng::GetRandomF32,0x43ed50,function
th08::Rng::GetRandomF32Signed,0x43ed80,function
th08::AddNormalizeAngle,0x43edb0,function
th08::Rotate,0x43ee30,function
th08::ZunMemory::ZunMemory,0x43ee90,function
th08::ZunMemory::~ZunMemory,0x43eeb0,function
th08::GameErrorContext::GameErrorContext,0x43ef10,function
th08::MidiTimer::OnTimerElapsed,0x43ef40,function
th08::Supervisor::IsShotSlowEnabled,0x43ef50,function
th08::Supervisor::EnterCriticalSectionWrapper,0x43ef70,function
th08::Supervisor::LeaveCriticalSectionWrapper,0x43efb0,function
th08::TextHelper::TextHelper,0x43efef,function
th08::TextHelper::~TextHelper,0x43f02b,function
th08::TextHelper::ReleaseBuffer,0x43f03c,function
th08::TextHelper::AllocateBufferWithFallback,0x43f0ae,function
th08::TextHelper::TryAllocateBuffer,0x43f10d,function
th08::TextHelper::GetFormatInfo,0x43f2cc,function
th08::TextHelper::InvertAlpha,0x43f31c,function
th08::TextHelper::GetBuffer,0x43f828,function
th08::TextHelper::GetImageWidthInBytes,0x43f837,function
th08::TextHelper::GetHeight,0x43f846,function
th08::TextHelper::GetHDC,0x43f855,function
th08::TextHelper::GetWidth,0x43f864,function
th08::TextHelper::GetFormat,0x43f873,function
th08::TextHelper::IsAllocated,0x43f881,function
th08::TextHelper::CopyTextToSurface,0x43f898,function
th08::TextHelper::CreateTextBuffer,0x43f980,function
th08::TextHelper::ReleaseTextBuffer,0x43f9a3,function
th08::TextHelper::RenderTextToTextureBold,0x43f9c8,function
th08::TextHelper::RenderTextToTexture,0x43fce9,function
th08::ItemManager::ItemManager,0x440010,function
th08::Item::Item,0x440050,function
th08::ItemManager::SpawnItem,0x4400a0,function
th08::ItemManager::UpdatePointItemExtendThreshold,0x440470,function
th08::ItemManager::OnUpdate,0x440500,function
th08::Item::CollectPowerSmall,0x440cf0,function
th08::Item::CollectPoint,0x440e40,function
th08::Item::CollectPointSmall,0x441020,function
th08::Item::CollectPowerBig,0x441170,function
th08::Item::CollectTimeOrb,0x4412b0,function
th08::ItemManager::AutoCollectAllItems,0x4413e0,function
th08::ItemManager::ConvertAllPowerItemsToTimeOrbs,0x441450,function
th08::ItemManager::CancelAutoCollect,0x441530,function
th08::ItemManager::OnDraw,0x4415a0,function
th08::Item::Delete,0x441770,function
th08::ItemManager::GetTimeOrbCount,0x4417e0,function
th08::ZunTimer::operator!=,0x441830,function
th08::GameManager::AddPower,0x441850,function
th08::GameWindow::GameWindow,0x4418a0,function
WinMain,0x4418c0,function
th08::AnmManager::`scalar deleting destructor',0x441e10,function
th08::MidiOutput::`scalar deleting destructor',0x441e40,function
th08::GameWindow::Render,0x441e70,function
th08::GameWindow::Present,0x442060,function
th08::GameWindow::GetTimestamp,0x442190,function
th08::GameWindow::InitD3DInterface,0x442200,function
th08::GameWindow::CreateGameWindow,0x442240,function
th08::GameWindow::WindowProc,0x442390,function
th08::GameWindow::InitD3DRendering,0x4424c0,function
th08::GameWindow::FormatD3DCapabilities,0x442a80,function
th08::GameWindow::FormatCapability,0x442ef0,function
th08::GameWindow::ResetRenderState,0x442f60,function
th08::GameWindow::CheckForRunningGameInstance,0x443420,function
th08::GameWindow::ActivateWindow,0x4436a0,function
th08::GameWindow::CalcExecutableChecksum,0x443730,function
th08::GameWindow::ResolveIt,0x443840,function
th08::GameErrorContext::ResetContext,0x443990,function
th08::GameErrorContext::Flush,0x4439c0,function
th08::Supervisor::IsHardwareBlendingDisabled,0x443a50,function
th08::Supervisor::IsVertexBufferDisabled,0x443a70,function
th08::Supervisor::Is16bitColorMode,0x443a90,function
th08::Supervisor::IsReferenceRasterizerMode,0x443ab0,function
th08::Supervisor::IsWindowed,0x443ad0,function
th08::AnmManager::ReleaseSurfaces,0x443af0,function
th08::AnmManager::TakeScreencaptures,0x443b60,function
th08::MidiDevice::MidiDevice,0x443c60,function
th08::MidiDevice::~MidiDevice,0x443c90,function
th08::MidiDevice::OpenDevice,0x443cb0,function
th08::MidiDevice::Close,0x443d10,function
th08::MidiDevice::SendLongMsg,0x443d50,function
th08::MidiDevice::SendShortMsg,0x443da0,function
th08::MidiTimer::MidiTimer,0x443df0,function
th08::MidiTimer::~MidiTimer,0x443e20,function
th08::MidiTimer::StartTimerImpl,0x443e50,function
th08::MidiTimer::StopTimerImpl,0x443ed0,function
th08::MidiTimer::DefaultTimerCallback,0x443f10,function
th08::MidiOutput::Ntohs,0x443f30,function
th08::MidiOutput::SkipVariableLength,0x443f50,function
th08::MidiOutput::MidiOutput,0x443fa0,function
th08::MidiOutput::~MidiOutput,0x444100,function
th08::MidiOutput::ReadFileData,0x4441a0,function
th08::MidiOutput::ReleaseFileData,0x444220,function
th08::MidiOutput::ClearTracks,0x444260,function
th08::MidiOutput::ParseFile,0x4442e0,function
th08::MidiOutput::Ntohl,0x4444e0,function
th08::MidiOutput::LoadFile,0x444510,function
th08::MidiOutput::LoadTracks,0x444550,function
th08::MidiOutput::Play,0x444620,function
th08::MidiOutput::StopPlayback,0x444680,function
th08::MidiOutput::UnprepareHeader,0x444700,function
th08::MidiOutput::SetFadeOut,0x4447d0,function
th08::MidiOutput::OnTimerElapsed,0x444820,function
th08::MidiOutput::ProcessMsg,0x444a90,function
th08::MidiOutput::FadeOutSetVolume,0x445340,function
th08::DummyMidiTimer::OnTimerElapsed,0x445400,function
th08::MidiTimer::StartTimer,0x445420,function
th08::MidiTimer::StopTimer,0x445440,function
th08::Supervisor::OnUpdate,0x445453,function
th08::Supervisor::Supervisor,0x445b7a,function
th08::Supervisor::DrawFpsCounter,0x445bc0,function
th08::Supervisor::OnDraw2,0x445bd4,function
th08::Supervisor::OnDraw3,0x445d3e,function
th08::Supervisor::ControllerCallback,0x445e3d,function
th08::Supervisor::RegisterChain,0x445ea7,function
th08::Supervisor::AddedCallback,0x445fa3,function
th08::Supervisor::LoadDat,0x4461a0,function
th08::Supervisor::CheckFps,0x446232,function
th08::Supervisor::StartupThread,0x4464c8,function
th08::Supervisor::SetupDInput,0x446a37,function
th08::Supervisor::EnumGameControllersCb,0x446cc7,function
th08::Supervisor::DeletedCallback,0x446d06,function
th08::AnmManager::ReleaseVertexBuffer,0x446f0b,function
th08::DummyMidiTimer::~DummyMidiTimer,0x446f42,function
th08::Supervisor::CalculateFps,0x446f53,function
th08::ZunTimer::Increment,0x447295,function
th08::ZunTimer::Decrement,0x44735b,function
th08::Supervisor::TickTimer,0x447421,function
th08::Supervisor::TakeSnapshot,0x44748f,function
th08::SoundPlayer::UpdateFades,0x447764,function
th08::Supervisor::LoadConfig,0x4477b1,function
th08::GameManager::FinalBClearedWithAllTeams,0x447d04,function
th08::Supervisor::LoadMusic,0x447d56,function
th08::Supervisor::PlayMusic,0x447e47,function
th08::Supervisor::PlayAudio,0x447f21,function
th08::Supervisor::StopAudio,0x448081,function
th08::Supervisor::FadeOutMusic,0x4480f8,function
th08::Supervisor::IsSlowModeEnabled,0x4481af,function
th08::Supervisor::EnableFog,0x4481df,function
th08::Supervisor::DisableFog,0x448229,function
th08::Supervisor::SetRenderState,0x448270,function
th08::Supervisor::UpdatePlayTime,0x4482a1,function
th08::Supervisor::UpdateGameTime,0x448418,function
th08::Supervisor::VerifyExeIntegrity,0x44858d,function
th08::Supervisor::ThreadStart,0x4486ba,function
th08::Supervisor::ThreadClose,0x44871b,function
th08::Supervisor::SetupLoadingVms,0x448790,function
th08::Supervisor::FUN_0044881a,0x44881a,function
th08::Supervisor::FUN_0044886f,0x44886f,function
th08::Supervisor::FUN_00448972,0x448972,function
th08::Supervisor::FUN_004489ca,0x4489ca,function
th08::Supervisor::InitializeCriticalSections,0x4489f9,function
th08::Supervisor::DeleteCriticalSections,0x448a2f,function
th08::MusicRoom::CheckInputEnable,0x448a65,function
th08::MusicRoom::ProcessInput,0x448b16,function
th08::MusicRoom::RegisterChain,0x449254,function
th08::MusicRoom::MusicRoom,0x449331,function
th08::MusicRoom::OnUpdate,0x449399,function
th08::MusicRoom::OnDraw,0x449487,function
th08::MusicRoom::AddedCallback,0x44970f,function
th08::TrackDescriptor::TrackDescriptor,0x449bee,function
th08::MusicRoom::DeletedCallback,0x449c0a,function
th08::Supervisor::IsMusicPreloadEnabled,0x449c79,function
th08::Player::Player,0x449ca0,function
FUN_00449e50,0x449e50,function
FUN_00449ea0,0x449ea0,function
FUN_00449ef0,0x449ef0,function
FUN_00449f50,0x449f50,function
FUN_00449f70,0x449f70,function
FUN_00449ff0,0x449ff0,function
FUN_0044a230,0x44a230,function
FUN_0044a360,0x44a360,function
FUN_0044a470,0x44a470,function
th08::Player::CalcItemBoxCollision,0x44a5a0,function
th08::Player::CalcLaserHitbox,0x44a6a0,function
FUN_0044a930,0x44a930,function
FUN_0044ab40,0x44ab40,function
th08::Player::FUN_0044aec0,0x44aec0,function
FUN_0044c1b0,0x44c1b0,function
th08::Player::RegisterChain,0x44c230,function
th08::Player::OnUpdate,0x44c390,function
th08::Player::FUN_0044c5b0,0x44c5b0,function
th08::Player::FUN_0044c650,0x44c650,function
FUN_0044cba0,0x44cba0,function
th08::Player::FUN_0044cbf0,0x44cbf0,function
FUN_0044d150,0x44d150,function
th08::Player::FUN_0044d180,0x44d180,function
th08::Player::FUN_0044d2c0,0x44d2c0,function
th08::Player::FUN_0044d420,0x44d420,function
th08::Player::OnDrawHighPrio,0x44d530,function
th08::Player::OnDrawLowPrio,0x44d630,function
th08::Player::AddedCallback,0x44d650,function
th08::Player::DeletedCallback,0x44dc60,function
th08::Player::CutChain,0x44dd10,function
th08::Player::LoadShtFile,0x44dd70,function
FUN_0044de60,0x44de60,function
FUN_0044df00,0x44df00,function
FUN_0044dfa0,0x44dfa0,function
FUN_0044e040,0x44e040,function
FUN_0044e0e0,0x44e0e0,function
FUN_0044e0f0,0x44e0f0,function
FUN_0044e120,0x44e120,function
th08::GameManager::SetYoukaiGauge,0x44e140,function
th08::GameManager::RandomizeAntiTamper,0x44e160,function
th08::GameManager::AddToDeaths,0x44e260,function
th08::GameManager::AddToBombsUsed,0x44e2e0,function
FUN_0044e350,0x44e350,function
FUN_0044e370,0x44e370,function
FUN_0044e3a0,0x44e3a0,function
FUN_0044e770,0x44e770,function
FUN_0044e8d0,0x44e8d0,function
FUN_0044e9e0,0x44e9e0,function
FUN_0044ea40,0x44ea40,function
FUN_0044eb70,0x44eb70,function
FUN_0044ee70,0x44ee70,function
FUN_0044f2d0,0x44f2d0,function
FUN_0044f5e0,0x44f5e0,function
FUN_0044f930,0x44f930,function
FUN_0044fb70,0x44fb70,function
FUN_0044fd80,0x44fd80,function
FUN_0044fdd0,0x44fdd0,function
FUN_0044fe20,0x44fe20,function
FUN_0044ffa0,0x44ffa0,function
FUN_00450080,0x450080,function
FUN_00450110,0x450110,function
FUN_004501b0,0x4501b0,function
FUN_00450240,0x450240,function
FUN_00450320,0x450320,function
FUN_00450580,0x450580,function
FUN_004505d0,0x4505d0,function
FUN_00450840,0x450840,function
FUN_00450ad0,0x450ad0,function
FUN_00450c50,0x450c50,function
FUN_00450ee0,0x450ee0,function
FUN_00450f60,0x450f60,function
th08::Player::FUN_00451150,0x451150,function
FUN_004512f0,0x4512f0,function
th08::Player::FUN_00451400,0x451400,function
th08::Player::FUN_00451500,0x451500,function
FUN_00451640,0x451640,function
FUN_00451670,0x451670,function
FUN_00451ce0,0x451ce0,function
FUN_00451d50,0x451d50,function
FUN_00451d90,0x451d90,function
FUN_00451f90,0x451f90,function
FUN_004522a0,0x4522a0,function
FUN_00452310,0x452310,function
FUN_00452490,0x452490,function
FUN_00452550,0x452550,function
FUN_004526c0,0x4526c0,function
FUN_00452830,0x452830,function
FUN_00452d60,0x452d60,function
FUN_00453080,0x453080,function
FUN_00453160,0x453160,function
FUN_004531a0,0x4531a0,function
th08::ReplayManager::SaveReplay,0x4531f0,function
sprintf,0x453b80,function
th08::Rng::SetSeed,0x453be0,function
th08::Rng::ResetGenerationCount,0x453c00,function
th08::Rng::GetSeed,0x453c20,function
th08::Supervisor::IsClearBackBufferOnRefreshEnabled,0x453c40,function
th08::GameManager::SetClockTime,0x453c60,function
th08::GameManager::GetDeaths,0x453c80,function
th08::GameManager::GetBombsUsed,0x453ca0,function
FUN_00453cc0,0x453cc0,function
th08::ResultScreen::GetStageName,0x453cd1,function
th08::ResultScreen::GetCharacterName,0x453cfa,function
th08::ResultScreen::WriteScore,0x453d0d,function
sprintf,0x454269,function
th08::ResultScreen::LogScoreDataToFile,0x454298,function
th08::ResultScreen::LinkScoreEx,0x454c59,function
th08::ResultScreen::FreeScore,0x454c87,function
th08::ResultScreen::HandleCategorySelectScreen,0x454cb2,function
th08::ResultScreen::SetState,0x4550b7,function
th08::ResultScreen::HandleHighScoreDifficultySelect,0x4550fc,function
th08::ResultScreen::HandleHighScoreCharacterSelect,0x45567d,function
th08::ResultScreen::HandleHighScoreScreen,0x455925,function
th08::ResultScreen::HandleSpellCardDifficultySelect,0x455a33,function
th08::ResultScreen::HandleSpellCardCharacterSelect,0x455cb0,function
th08::ResultScreen::HandleSpellCardScreen,0x455f6b,function
th08::ResultScreen::HandleResultKeyboard,0x45621e,function
th08::ResultScreen::FormatDate,0x456938,function
th08::ResultScreen::HandleReplaySaveKeyboard,0x45696f,function
th08::ResultScreen::CheckConfirmButton,0x4577e2,function
th08::ResultScreen::HandleOtherStatsScreen,0x4578aa,function
th08::ResultScreen::DrawFinalStats,0x457e00,function
th08::ResultScreen::RegisterChain,0x4582a0,function
th08::ResultScreen::ResultScreen,0x45842b,function
th08::ResultScreen::OnUpdate,0x4584b0,function
th08::ResultScreen::OnDraw,0x4586b4,function
th08::ResultScreen::AddedCallback,0x45964d,function
th08::ResultScreen::DeletedCallback,0x459fd2,function
th08::ResultScreen::`scalar deleting destructor',0x45a0b3,function
th08::ResultScreen::~ResultScreen,0x45a0dc,function
th08::ResultScreen::MoveCursor,0x45a0f4,function
th08::ResultScreen::MoveShotTypeCursor,0x45a1f3,function
th08::ResultScreen::MoveCursorHorizontally,0x45a2f2,function
th08::AnmManager::ReplaceSurface,0x45a3fd,function
th08::Catk::WasAttemptedWithShot,0x45a4a0,function
th08::ScoreListNode::ScoreListNode,0x45a4dc,function
th08::ScoreDat::LinkScore,0x45a500,function
th08::ScoreDat::FreeAllScores,0x45a5a0,function
th08::ScoreDat::OpenScore,0x45a5e0,function
th08::ScoreDat::GetHighScore,0x45a950,function
th08::ScoreDat::ParseCATK,0x45aac0,function
th08::ScoreDat::ParseLSNM,0x45ab70,function
th08::ScoreDat::ParseFLSP,0x45ac00,function
th08::ScoreDat::ParseCLRD,0x45ac90,function
th08::ScoreDat::ParsePSCR,0x45ae00,function
th08::ScoreDat::ParsePLST,0x45af30,function
th08::ScoreDat::ReleaseScore,0x45afc0,function
th08::ScreenEffect::ScreenEffect,0x45b000,function
th08::ScreenEffect::Clear,0x45b020,function
th08::ScreenEffect::SetViewport,0x45b0e0,function
th08::ScreenEffect::CalcFadeIn,0x45b160,function
th08::ScreenEffect::DrawSquare,0x45b1e0,function
th08::ScreenEffect::DrawSquareShaded,0x45b490,function
th08::ScreenEffect::CalcFadeOut,0x45b760,function
FUN_0045b800,0x45b800,function
th08::ScreenEffect::RegisterChain,0x45b8b0,function
th08::ScreenEffect::DrawFullFade,0x45bb50,function
FUN_0045bbf0,0x45bbf0,function
th08::ScreenEffect::DrawArcadeFade,0x45bc40,function
FUN_0045bc90,0x45bc90,function
FUN_0045bd70,0x45bd70,function
th08::ScreenEffect::CalcShake,0x45bdc0,function
FUN_0045bf10,0x45bf10,function
FUN_0045c0e0,0x45c0e0,function
FUN_0045c100,0x45c100,function
FUN_0045c160,0x45c160,function
th08::SoundPlayer::InitializeDSound,0x45c190,function
th08::CSoundManager::`scalar deleting destructor',0x45c480,function
th08::SoundPlayer::Release,0x45c4b0,function
th08::SoundPlayer::GetFmtIndexByName,0x45c6b0,function
th08::SoundPlayer::LoadSound,0x45c8c0,function
th08::SoundPlayer::GetWavFormatData,0x45cbc0,function
th08::SoundPlayer::LoadFmt,0x45cc30,function
th08::SoundPlayer::StartBGM,0x45cc70,function
th08::SoundPlayer::ReopenBGM,0x45ce00,function
th08::SoundPlayer::PreloadBGM,0x45ce70,function
th08::SoundPlayer::LoadBGM,0x45d0f0,function
th08::SoundPlayer::StopBGM,0x45d2d0,function
th08::SoundPlayer::InitSoundBuffers,0x45d3f0,function
th08::SoundPlayer::PlaySoundByIdx,0x45d550,function
th08::SoundPlayer::PlaySoundPositionedByIdx,0x45d660,function
th08::SoundPlayer::ProcessQueues,0x45d790,function
th08::SoundPlayer::BGMPlayerThread,0x45e0f0,function
th08::SoundPlayer::QueueCommand,0x45e1e0,function
th08::CWaveFile::GetFormat,0x45e2d0,function
th08::CSoundManager::GetDirectSound,0x45e2f0,function
th08::CSound::GetWaveFile,0x45e300,function
th08::SoundPlayer::SoundPlayer,0x45e320,function
th08::SoundPlayer::FreePreloadedBGM,0x45e370,function
th08::SoundPlayer::FadeOut,0x45e3c0,function
th08::CStreamingSound::FadeOut,0x45e3f0,function
th08::AnmLoaded::SetSprite,0x45e430,function
th08::AnmLoaded::SetAndExecuteScript,0x45e580,function
th08::AnmVm::GetFloatVar,0x45e650,function
th08::AnmVm::GetIntVar,0x45e720,function
th08::AnmVm::GetFloatVarPtr,0x45e810,function
th08::AnmVm::GetIntVarPtr,0x45e8a0,function
th08::AnmManager::DrawPlayerBullet,0x45e960,function
th08::AnmManager::ExecuteScript,0x45ea00,function
FUN_00462210,0x462210,function
FUN_00462230,0x462230,function
FUN_00462250,0x462250,function
FUN_00462270,0x462270,function
th08::AnmManager::FUN_004622c0,0x4622c0,function
th08::AnmManager::ExecuteScriptOnVmArray,0x462310,function
FUN_00462360,0x462360,function
th08::AnmManager::SetRenderStateForVm3D,0x4623c0,function
th08::MixColors,0x462750,function
th08::AnmManager::SetRenderStateForVm,0x462790,function
th08::AnmManager::DrawInner,0x4628b0,function
th08::AnmManager::ClearVertexBuffer,0x462e00,function
th08::AnmManager::FlushVertexBuffer,0x462e40,function
th08::AnmManager::AddSpriteToDrawBuffer,0x462f10,function
th08::AnmManager::DrawNoRotation,0x462ff0,function
th08::AnmManager::TranslateRotation,0x4631d0,function
th08::AnmManager::Draw2D,0x463210,function
th08::AnmManager::FUN_00463470,0x463470,function
th08::AnmManager::DrawNoRotationNoRound,0x463800,function
th08::AnmManager::FUN_004639e0,0x4639e0,function
th08::AnmManager::FUN_00463cf0,0x463cf0,function
th08::AnmManager::TransformVerticesWorld,0x463d60,function
th08::AnmManager::FUN_00464070,0x464070,function
th08::AnmManager::TransformVerticesWorld,0x4640e0,function
th08::AnmManager::DrawWithCallback,0x464400,function
th08::AnmManager::Draw3D,0x464470,function
FUN_004649a0,0x4649a0,function
FUN_00464b00,0x464b00,function
FUN_00464c60,0x464c60,function
th08::AnmManager::FUN_00464dd0,0x464dd0,function
FUN_00464ec0,0x464ec0,function
th08::AnmManager::AnmManager,0x465070,function
th08::AnmManager::SetupVertexBuffer,0x465250,function
th08::GetAnmFormat,0x465510,function
th08::AnmManager::CreateTextureFromFile,0x465570,function
th08::AnmManager::CreateTextureFromAnm,0x4655e0,function
th08::AnmManager::CreateEmptyTexture,0x4657c0,function
th08::AnmManager::LoadAnm,0x465800,function
th08::AnmManager::ReadAnmEntries,0x465860,function
th08::AnmManager::PreloadAnm,0x465a40,function
th08::AnmManager::LoadExternalTextureData,0x465ac0,function
th08::AnmManager::PostloadAnmEntry,0x465ba0,function
th08::AnmManager::LoadTextureData,0x465cc0,function
th08::AnmManager::ServicePreloadedAnims,0x466000,function
th08::AnmManager::ReleaseAnm,0x466060,function
th08::AnmManager::ReleaseAnmEntry,0x466160,function
th08::AnmLoaded::LoadSprite,0x4661b0,function
FUN_00466310,0x466310,function
th08::AnmManager::DrawVmTextFmt,0x4663b0,function
FUN_004664a0,0x4664a0,function
FUN_00466650,0x466650,function
th08::AnmManager::LoadSurface,0x4667c0,function
th08::AnmManager::LoadSurface2,0x466a60,function
th08::AnmManager::ReleaseSurface,0x466ae0,function
th08::AnmManager::CopySurfaceToBackbuffer,0x466bb0,function
th08::AnmManager::FUN_00466d70,0x466d70,function
th08::AnmManager::CaptureToTexture,0x466f20,function
th08::AnmManager::FUN_00467040,0x467040,function
th08::AnmManager::CaptureToSurface,0x467180,function
th08::Title::OnUpdate,0x467399,function
FUN_004674e0,0x4674e0,function
FUN_0046837b,0x46837b,function
FUN_004694c3,0x4694c3,function
FUN_0046950b,0x46950b,function
FUN_00469636,0x469636,function
FUN_00469fa9,0x469fa9,function
FUN_0046a071,0x46a071,function
FUN_0046a625,0x46a625,function
FUN_0046adb0,0x46adb0,function
FUN_0046b174,0x46b174,function
FUN_0046bbc0,0x46bbc0,function
FUN_0046cbbb,0x46cbbb,function
FUN_0046d763,0x46d763,function
FUN_0046d7f9,0x46d7f9,function
FUN_0046e136,0x46e136,function
FUN_0046ef8d,0x46ef8d,function
FUN_0046f429,0x46f429,function
FUN_0046f5cb,0x46f5cb,function
th08::GameManager::FUN_0046fd5f,0x46fd5f,function
FUN_0046fdc2,0x46fdc2,function
FUN_0046ffc0,0x46ffc0,function
FUN_0047030b,0x47030b,function
FUN_00470424,0x470424,function
FUN_0047052d,0x47052d,function
th08::Title::OnDraw,0x47087f,function
th08::Supervisor::InitTitle,0x470a6c,function
th08::Supervisor::FUN_00470dd5,0x470dd5,function
th08::Supervisor::TitleSetupThread,0x470e10,function
FUN_00471181,0x471181,function
FUN_00471400,0x471400,function
th08::Title::RegisterChain,0x47146d,function
th08::Title::Title,0x471586,function
th08::Title::AddedCallback,0x471651,function
th08::Title::DeletedCallback,0x471662,function
th08::CSoundManager::CSoundManager,0x4716e0,function
th08::CSoundManager::~CSoundManager,0x471700,function
th08::CSoundManager::Initialize,0x471730,function
th08::CSoundManager::SetPrimaryBufferFormat,0x4717c0,function
th08::CSoundManager::CreateStreaming,0x4718d0,function
th08::CWaveFile::`scalar deleting destructor',0x471c10,function
th08::CSoundManager::CreateStreamingFromMemory,0x471c40,function
th08::CSound::CSound,0x471f60,function
th08::CSound::`scalar deleting destructor',0x472040,function
th08::CStreamingSound::InitSoundBuffers,0x472070,function
th08::CSound::~CSound,0x4722d0,function
th08::CSound::FillBufferWithSound,0x4723b0,function
th08::CSound::RestoreBuffer,0x4725a0,function
th08::CSound::GetFreeBuffer,0x472650,function
th08::CSound::GetBuffer,0x472710,function
th08::CSound::Play,0x472750,function
th08::CSound::SetVolume,0x472840,function
th08::CSound::Stop,0x4728e0,function
th08::CSound::Pause,0x472990,function
th08::CSound::Unpause,0x4729e0,function
th08::CSound::Reset,0x472a30,function
th08::CStreamingSound::CStreamingSound,0x472aa0,function
th08::CStreamingSound::`scalar deleting destructor',0x472b00,function
th08::CStreamingSound::~CStreamingSound,0x472b30,function
th08::CStreamingSound::UpdateFadeOut,0x472b50,function
th08::CStreamingSound::UpdateFadeIn,0x472be0,function
th08::CStreamingSound::UpdatePartialFadeIn,0x472c50,function
th08::CStreamingSound::UpdatePartialFadeOut,0x472cc0,function
th08::CStreamingSound::HandleWaveStreamNotification,0x472d30,function
th08::CStreamingSound::Reset,0x473120,function
th08::CWaveFile::CWaveFile,0x4731f0,function
th08::CWaveFile::~CWaveFile,0x473230,function
th08::CWaveFile::Open,0x473250,function
th08::CWaveFile::Reopen,0x473300,function
th08::CWaveFile::OpenFromMemory,0x473360,function
th08::CWaveFile::GetSize,0x4733c0,function
th08::CWaveFile::ResetFile,0x4733e0,function
th08::CWaveFile::Read,0x473530,function
th08::CWaveFile::Close,0x473680,function
th08::CPbgFile::CPbgFile,0x4736c0,function
th08::CPbgFile::`scalar deleting destructor',0x473700,function
th08::CPbgFile::~CPbgFile,0x473730,function
th08::CPbgFile::Open,0x473790,function
th08::CPbgFile::Close,0x4738e0,function
th08::CPbgFile::Read,0x473920,function
th08::CPbgFile::Write,0x473970,function
th08::CPbgFile::Tell,0x4739c0,function
th08::CPbgFile::GetSize,0x4739f0,function
th08::CPbgFile::Seek,0x473a20,function
th08::CPbgFile::ReadWholeFile,0x473a60,function
th08::CPbgFile::GetFullFilePath,0x473b40,function
th08::IPbgFile::IPbgFile,0x473c40,function
th08::IPbgFile::~IPbgFile,0x473c60,function
th08::IPbgFile::`scalar deleting destructor',0x473c80,function
th08::Lzss::Encode,0x473cb0,function
th08::Lzss::Decode,0x4740e0,function
th08::Lzss::InitTree,0x474450,function
th08::Lzss::InitEncoderState,0x4744a0,function
th08::Lzss::AddString,0x474520,function
th08::Lzss::DeleteString,0x474640,function
th08::Lzss::ContractNode,0x4746d0,function
th08::Lzss::ReplaceNode,0x474760,function
th08::Lzss::FindNextNode,0x474820,function
th08::PbgArchive::PbgArchive,0x474860,function
th08::PbgArchive::~PbgArchive,0x4748a0,function
th08::PbgArchive::Load,0x4748c0,function
th08::PbgArchive::Release,0x4749b0,function
th08::PbgArchiveEntry::`vector deleting destructor',0x474a80,function
th08::PbgArchive::ReadDecompressEntry,0x474af0,function
th08::PbgArchive::GetEntryDecompressedSize,0x474c40,function
th08::PbgArchive::FindEntry,0x474c70,function
th08::PbgArchive::ParseHeader,0x474ce0,function
th08::PbgArchive::AllocEntries,0x474fa0,function
th08::PbgArchive::CopyFileName,0x475150,function
th08::CPbgFile::ReadInt,0x4751e0,function
th08::PbgArchive::SeekPastInt,0x475200,function
th08::PbgArchive::SeekPastString,0x475220,function
th08::PbgArchiveEntry::~PbgArchiveEntry,0x475270,function
DINPUT8.DLL::DirectInput8Create,0x476ce0,function
DSOUND.DLL::Ordinal_11,0x476ce6,function
D3D8.DLL::Direct3DCreate8,0x476cec,function
WithinEpsilon,0x476cf2,function
D3DXVec2Hermite,0x476d1f,function
D3DXVec2CatmullRom,0x476dad,function
D3DXVec2BaryCentric,0x476e5c,function
D3DXVec3Normalize,0x476e9f,function
D3DXVec3Hermite,0x476ea5,function
D3DXVec3CatmullRom,0x476f53,function
FUN_00477024,0x477024,function
FUN_00477081,0x477081,function
thunk_FUN_0047a349,0x47710c,function
D3DXVec3Project,0x477178,function
FUN_0047717e,0x47717e,function
FUN_0047726e,0x47726e,function
FUN_0047733f,0x47733f,function
FUN_00477432,0x477432,function
FUN_004774a9,0x4774a9,function
FUN_00477548,0x477548,function
D3DXMatrixMultiply,0x477612,function
FUN_00477618,0x477618,function
thunk_FUN_0047984f,0x47784e,function
FUN_00477854,0x477854,function
FUN_004778c1,0x4778c1,function
thunk_FUN_00479867,0x477af7,function
FUN_00477afd,0x477afd,function
FUN_00477ee6,0x477ee6,function
D3DXMatrixRotationX,0x477f42,function
FUN_00477f48,0x477f48,function
D3DXMatrixRotationY,0x477fc2,function
FUN_00477fc8,0x477fc8,function
D3DXMatrixRotationZ,0x478043,function
FUN_00478049,0x478049,function
FUN_004780c5,0x4780c5,function
thunk_FUN_0047993d,0x4781c7,function
FUN_004781cd,0x4781cd,function
FUN_004782af,0x4782af,function
D3DXMatrixLookAtLH,0x478395,function
D3DXMatrixPerspectiveFovLH,0x4784dd,function
FUN_00478571,0x478571,function
FUN_0047860e,0x47860e,function
FUN_00478742,0x478742,function
thunk_FUN_00479e2c,0x47879e,function
FUN_004787a4,0x4787a4,function
thunk_FUN_00479e59,0x47887d,function
FUN_00478883,0x478883,function
thunk_FUN_00479e71,0x478919,function
FUN_0047891f,0x47891f,function
FUN_004789d3,0x4789d3,function
FUN_00478a57,0x478a57,function
thunk_FUN_00479e7d,0x478af8,function
FUN_00478afe,0x478afe,function
FUN_00478be1,0x478be1,function
FUN_00478c38,0x478c38,function
thunk_FUN_0047a2d1,0x478cc3,function
FUN_00478cc9,0x478cc9,function
FUN_00478d6d,0x478d6d,function
FUN_00478e47,0x478e47,function
FUN_00478ee9,0x478ee9,function
FUN_00478f88,0x478f88,function
FUN_00479015,0x479015,function
FUN_0047903e,0x47903e,function
FUN_00479067,0x479067,function
FUN_00479095,0x479095,function
FUN_00479100,0x479100,function
FUN_00479180,0x479180,function
FUN_004791bc,0x4791bc,function
FUN_0047925c,0x47925c,function
FUN_00479285,0x479285,function
FUN_004792ae,0x4792ae,function
FUN_004792e8,0x4792e8,function
FUN_004793b3,0x4793b3,function
FUN_00479540,0x479540,function
FUN_004796f2,0x4796f2,function
FUN_004797ab,0x4797ab,function
FUN_004797d4,0x4797d4,function
FUN_004797fd,0x4797fd,function
D3DXMatrixMultiply,0x479843,function
FUN_0047984f,0x47984f,function
FUN_00479867,0x479867,function
D3DXMatrixRotationX,0x4798cd,function
D3DXMatrixRotationY,0x4798e8,function
D3DXMatrixRotationZ,0x479903,function
FUN_0047993d,0x47993d,function
FUN_00479949,0x479949,function
FUN_00479982,0x479982,function
FUN_00479c36,0x479c36,function
FUN_00479c5c,0x479c5c,function
FUN_00479d36,0x479d36,function
FUN_00479e2c,0x479e2c,function
FUN_00479e59,0x479e59,function
FUN_00479e71,0x479e71,function
FUN_00479e7d,0x479e7d,function
FUN_00479ea0,0x479ea0,function
FUN_00479ec9,0x479ec9,function
FUN_0047a2a3,0x47a2a3,function
FUN_0047a2d1,0x47a2d1,function
FUN_0047a33d,0x47a33d,function
FUN_0047a349,0x47a349,function
D3DXVec3Project,0x47a355,function
FUN_0047a365,0x47a365,function
FUN_0047a3a2,0x47a3a2,function
FUN_0047a3ca,0x47a3ca,function
FUN_0047a3da,0x47a3da,function
FUN_0047a3fe,0x47a3fe,function
FUN_0047a473,0x47a473,function
FUN_0047a555,0x47a555,function
FUN_0047a586,0x47a586,function
FUN_0047a668,0x47a668,function
FUN_0047a73b,0x47a73b,function
FUN_0047aa65,0x47aa65,function
D3DXCreateTexture,0x47aa8d,function
D3DXLoadSurfaceFromFileInMemory,0x47aaf3,function
D3DXLoadSurfaceFromSurface,0x47abab,function
FUN_0047ad51,0x47ad51,function
FUN_0047add7,0x47add7,function
FUN_0047b0bb,0x47b0bb,function
D3DXCreateTextureFromFileInMemoryEx,0x47b72e,function
FUN_0047b76e,0x47b76e,function
FUN_0047b7ca,0x47b7ca,function
FUN_0047b7ef,0x47b7ef,function
FUN_0047b89f,0x47b89f,function
Catch@0047b8d9,0x47b8d9,function
FUN_0047b8e5,0x47b8e5,function
FUN_0047b944,0x47b944,function
FUN_0047ba21,0x47ba21,function
FUN_0047badd,0x47badd,function
FUN_0047baf6,0x47baf6,function
FUN_0047bb4f,0x47bb4f,function
FUN_0047bb6b,0x47bb6b,function
FUN_0047c281,0x47c281,function
FUN_0047c2c3,0x47c2c3,function
FUN_0047c523,0x47c523,function
FUN_0047c9ca,0x47c9ca,function
FUN_0047cc9f,0x47cc9f,function
FUN_0047d235,0x47d235,function
FUN_0047d576,0x47d576,function
FUN_0047d5a6,0x47d5a6,function
FUN_0047d77b,0x47d77b,function
FUN_0047d785,0x47d785,function
FUN_0047d7b9,0x47d7b9,function
FUN_0047da76,0x47da76,function
FUN_0047dac2,0x47dac2,function
FUN_0047df36,0x47df36,function
FUN_0047e0c1,0x47e0c1,function
FUN_0047e1e7,0x47e1e7,function
FUN_0047e218,0x47e218,function
FUN_0047e300,0x47e300,function
FUN_0047e416,0x47e416,function
FUN_0047e44e,0x47e44e,function
FUN_0047e47d,0x47e47d,function
FUN_0047e4ae,0x47e4ae,function
FUN_0047e5fe,0x47e5fe,function
FUN_0047e722,0x47e722,function
FUN_0047e871,0x47e871,function
FUN_0047e9c4,0x47e9c4,function
FUN_0047eb03,0x47eb03,function
FUN_0047eb9e,0x47eb9e,function
FUN_0047ecea,0x47ecea,function
FUN_0047ee0b,0x47ee0b,function
FUN_0047ef57,0x47ef57,function
FUN_0047f096,0x47f096,function
FUN_0047f1ce,0x47f1ce,function
FUN_0047f2bf,0x47f2bf,function
FUN_0047f4c1,0x47f4c1,function
FUN_0047f6c5,0x47f6c5,function
FUN_0047fae8,0x47fae8,function
FUN_0047ff7a,0x47ff7a,function
FUN_0048007a,0x48007a,function
FUN_00480460,0x480460,function
FUN_00480b91,0x480b91,function
FUN_00480f33,0x480f33,function
FUN_0048104d,0x48104d,function
FUN_0048105d,0x48105d,function
FUN_004810c6,0x4810c6,function
FUN_004810cc,0x4810cc,function
thunk_FUN_0048105d,0x4810e2,function
FUN_004810e7,0x4810e7,function
thunk_FUN_004810cc,0x481416,function
FUN_0048141b,0x48141b,function
FUN_00481593,0x481593,function
FUN_004815a9,0x4815a9,function
FUN_004818a0,0x4818a0,function
FUN_004818a1,0x4818a1,function
FUN_00481941,0x481941,function
FUN_00481d3b,0x481d3b,function
FUN_00481d5e,0x481d5e,function
FUN_00481faa,0x481faa,function
FUN_00481fc6,0x481fc6,function
FUN_00482041,0x482041,function
FUN_0048210d,0x48210d,function
FUN_0048217d,0x48217d,function
FUN_00482269,0x482269,function
FUN_0048238c,0x48238c,function
FUN_0048248d,0x48248d,function
FUN_0048258e,0x48258e,function
FUN_0048268f,0x48268f,function
FUN_004827ac,0x4827ac,function
FUN_004828cf,0x4828cf,function
FUN_004829cd,0x4829cd,function
FUN_00482a76,0x482a76,function
FUN_00482b99,0x482b99,function
FUN_00482c9a,0x482c9a,function
FUN_00482dbd,0x482dbd,function
FUN_00482e8d,0x482e8d,function
FUN_00482fa5,0x482fa5,function
FUN_0048306a,0x48306a,function
FUN_0048312f,0x48312f,function
FUN_00483225,0x483225,function
FUN_00483310,0x483310,function
FUN_004833e5,0x4833e5,function
FUN_004834ea,0x4834ea,function
FUN_004835f5,0x4835f5,function
FUN_0048372f,0x48372f,function
FUN_00483805,0x483805,function
FUN_0048390f,0x48390f,function
FUN_00483a45,0x483a45,function
FUN_00483b0c,0x483b0c,function
FUN_00483bfa,0x483bfa,function
FUN_00483ce9,0x483ce9,function
FUN_00483e45,0x483e45,function
FUN_00483ed1,0x483ed1,function
FUN_00483f77,0x483f77,function
FUN_00484013,0x484013,function
FUN_004840b8,0x4840b8,function
FUN_0048415a,0x48415a,function
FUN_0048420a,0x48420a,function
FUN_004842b9,0x4842b9,function
FUN_0048438f,0x48438f,function
FUN_00484421,0x484421,function
FUN_004844c3,0x4844c3,function
FUN_00484535,0x484535,function
FUN_004845e7,0x4845e7,function
FUN_00484686,0x484686,function
FUN_00484771,0x484771,function
FUN_004847df,0x4847df,function
FUN_00484868,0x484868,function
FUN_004848f1,0x4848f1,function
FUN_00484973,0x484973,function
FUN_00484a24,0x484a24,function
FUN_00484ab5,0x484ab5,function
FUN_00484b4c,0x484b4c,function
FUN_00484bcf,0x484bcf,function
FUN_00484c89,0x484c89,function
FUN_00484d5c,0x484d5c,function
FUN_00484dcc,0x484dcc,function
FUN_00484e5a,0x484e5a,function
FUN_00484ee6,0x484ee6,function
FUN_00484fc6,0x484fc6,function
FUN_00484fe2,0x484fe2,function
FUN_004850da,0x4850da,function
FUN_004850f6,0x4850f6,function
FUN_00485112,0x485112,function
FUN_0048512e,0x48512e,function
FUN_0048531a,0x48531a,function
FUN_00485336,0x485336,function
FUN_00485352,0x485352,function
FUN_00485623,0x485623,function
FUN_0048563f,0x48563f,function
FUN_0048565b,0x48565b,function
FUN_00485677,0x485677,function
thunk_FUN_00481593,0x485693,function
FUN_00485698,0x485698,function
FUN_004856b4,0x4856b4,function
FUN_00485741,0x485741,function
FUN_0048575d,0x48575d,function
FUN_004857e8,0x4857e8,function
FUN_00485804,0x485804,function
FUN_004859f6,0x4859f6,function
FUN_00485a12,0x485a12,function
FUN_00485a2e,0x485a2e,function
FUN_00485a4a,0x485a4a,function
FUN_00485a66,0x485a66,function
FUN_00485a82,0x485a82,function
FUN_00485a9e,0x485a9e,function
FUN_00485b9f,0x485b9f,function
FUN_00485bbb,0x485bbb,function
FUN_00485bd7,0x485bd7,function
FUN_00485bf3,0x485bf3,function
FUN_00485c0f,0x485c0f,function
FUN_00485c2b,0x485c2b,function
FUN_00485c47,0x485c47,function
FUN_00485c63,0x485c63,function
FUN_00485c7f,0x485c7f,function
FUN_00485f28,0x485f28,function
FUN_00485f44,0x485f44,function
FUN_00485f60,0x485f60,function
FUN_00485f7c,0x485f7c,function
FUN_00485f98,0x485f98,function
thunk_FUN_004818a1,0x485fb0,function
FUN_00485fb5,0x485fb5,function
FUN_00485ffe,0x485ffe,function
FUN_00486016,0x486016,function
thunk_FUN_00485fb5,0x48678e,function
FUN_00486793,0x486793,function
FUN_004867b0,0x4867b0,function
FUN_004868d0,0x4868d0,function
FUN_004869f0,0x4869f0,function
FUN_00486ac5,0x486ac5,function
FUN_00486f0c,0x486f0c,function
FUN_00486fd6,0x486fd6,function
FUN_004870b9,0x4870b9,function
FUN_00487147,0x487147,function
FUN_00487183,0x487183,function
thunk_FUN_00496c71,0x487243,function
FUN_00487248,0x487248,function
FUN_004873bb,0x4873bb,function
FUN_00487455,0x487455,function
FUN_004874fc,0x4874fc,function
FUN_0048755f,0x48755f,function
FUN_00487608,0x487608,function
FUN_0048768c,0x48768c,function
FUN_0048774d,0x48774d,function
FUN_004877db,0x4877db,function
FUN_00487ad6,0x487ad6,function
FUN_00487d88,0x487d88,function
FUN_00487fc4,0x487fc4,function
FUN_0048813e,0x48813e,function
FUN_00488295,0x488295,function
FUN_00488529,0x488529,function
FUN_00488752,0x488752,function
FUN_00488829,0x488829,function
FUN_004888c5,0x4888c5,function
FUN_0048899c,0x48899c,function
FUN_00488c20,0x488c20,function
FUN_00488d8d,0x488d8d,function
FUN_00488db7,0x488db7,function
FUN_00488e34,0x488e34,function
FUN_00488f45,0x488f45,function
FUN_00488f91,0x488f91,function
FUN_00489018,0x489018,function
FUN_00489032,0x489032,function
FUN_00489050,0x489050,function
FUN_00489065,0x489065,function
FUN_0048908a,0x48908a,function
FUN_004890af,0x4890af,function
FUN_004891b2,0x4891b2,function
FUN_00489325,0x489325,function
FUN_00489345,0x489345,function
FUN_004896ec,0x4896ec,function
FUN_00489739,0x489739,function
FUN_0048985c,0x48985c,function
FUN_004898dd,0x4898dd,function
FUN_004898f7,0x4898f7,function
FUN_0048990d,0x48990d,function
FUN_00489923,0x489923,function
FUN_0048994c,0x48994c,function
FUN_00489977,0x489977,function
FUN_00489a48,0x489a48,function
FUN_00489a7b,0x489a7b,function
FUN_00489ae2,0x489ae2,function
FUN_00489aeb,0x489aeb,function
FUN_00489afd,0x489afd,function
FUN_00489b16,0x489b16,function
FUN_00489b2f,0x489b2f,function
FUN_00489b7c,0x489b7c,function
FUN_00489ba9,0x489ba9,function
FUN_00489c68,0x489c68,function
FUN_00489c9e,0x489c9e,function
FUN_00489ca7,0x489ca7,function
FUN_00489d92,0x489d92,function
FUN_00489ea2,0x489ea2,function
FUN_0048a019,0x48a019,function
FUN_0048a05d,0x48a05d,function
FUN_0048a295,0x48a295,function
FUN_0048a5e3,0x48a5e3,function
FUN_0048a7eb,0x48a7eb,function
FUN_0048ab3d,0x48ab3d,function
FUN_0048ac4b,0x48ac4b,function
FUN_0048af54,0x48af54,function
FUN_0048b067,0x48b067,function
FUN_0048b21f,0x48b21f,function
FUN_0048b23a,0x48b23a,function
FUN_0048b2db,0x48b2db,function
FUN_0048b2ff,0x48b2ff,function
FUN_0048b31a,0x48b31a,function
FUN_0048b353,0x48b353,function
FUN_0048b39a,0x48b39a,function
FUN_0048b3c2,0x48b3c2,function
FUN_0048b401,0x48b401,function
FUN_0048b449,0x48b449,function
thunk_FUN_00497823,0x48b49c,function
FUN_0048b4a1,0x48b4a1,function
FUN_0048b4b9,0x48b4b9,function
FUN_0048b4f8,0x48b4f8,function
FUN_0048b506,0x48b506,function
FUN_0048b52c,0x48b52c,function
FUN_0048b578,0x48b578,function
FUN_0048b5f6,0x48b5f6,function
FUN_0048b626,0x48b626,function
FUN_0048b649,0x48b649,function
FUN_0048b73a,0x48b73a,function
FUN_0048ba3f,0x48ba3f,function
FUN_0048bfc3,0x48bfc3,function
FUN_0048c769,0x48c769,function
FUN_0048c8a7,0x48c8a7,function
FUN_0048c92a,0x48c92a,function
FUN_0048ca8a,0x48ca8a,function
FUN_0048cbb7,0x48cbb7,function
FUN_0048d069,0x48d069,function
FUN_0048d09d,0x48d09d,function
FUN_0048d0e0,0x48d0e0,function
FUN_0048d120,0x48d120,function
D3DXVec3Normalize_rsqrtss_0048d3d0,0x48d3d0,function
D3DXVec4Normalize3_rsqrtss_0048d4a0,0x48d4a0,function
D3DXVec4Normalize_rsqrtss_0048da50,0x48da50,function
D3DXVec4Normalize_rsqrtss_0048e680,0x48e680,function
D3DXVec3Normalize_rsqrtss_48efb0,0x48efb0,function
D3DXVec4Normalize3_rsqrtss_0048f080,0x48f080,function
FUN_0048f776,0x48f776,function
FUN_0048fd22,0x48fd22,function
FUN_0048fd8e,0x48fd8e,function
FUN_0048fec5,0x48fec5,function
FUN_0048ff52,0x48ff52,function
FUN_00490048,0x490048,function
FUN_00490194,0x490194,function
FUN_004912d5,0x4912d5,function
FUN_00491495,0x491495,function
FUN_0049262d,0x49262d,function
FUN_00492d06,0x492d06,function
FUN_00492e1f,0x492e1f,function
FUN_00493f73,0x493f73,function
FUN_0049446f,0x49446f,function
FUN_00494897,0x494897,function
FUN_00494b25,0x494b25,function
FUN_00494bb0,0x494bb0,function
FUN_00494d7c,0x494d7c,function
FUN_00494f04,0x494f04,function
FUN_0049512a,0x49512a,function
FUN_00495b4d,0x495b4d,function
FUN_00495c2f,0x495c2f,function
FUN_00495c3f,0x495c3f,function
FUN_00495c57,0x495c57,function
FUN_00495c9e,0x495c9e,function
FUN_00495cc0,0x495cc0,function
FUN_00495cdb,0x495cdb,function
FUN_00495d0d,0x495d0d,function
FUN_00495ec8,0x495ec8,function
FUN_0049603e,0x49603e,function
FUN_004960d0,0x4960d0,function
FUN_0049619d,0x49619d,function
FUN_004961e5,0x4961e5,function
FUN_00496226,0x496226,function
FUN_0049623b,0x49623b,function
FUN_00496337,0x496337,function
FUN_004963c5,0x4963c5,function
FUN_00496457,0x496457,function
FUN_004964f5,0x4964f5,function
FUN_00496556,0x496556,function
FUN_004965b7,0x4965b7,function
FUN_00496736,0x496736,function
FUN_004967be,0x4967be,function
FUN_00496849,0x496849,function
FUN_00496967,0x496967,function
FUN_00496a8a,0x496a8a,function
FUN_00496b6b,0x496b6b,function
FUN_00496b9b,0x496b9b,function
FUN_00496c4f,0x496c4f,function
FUN_00496c71,0x496c71,function
FUN_00496c8c,0x496c8c,function
FUN_00496ca8,0x496ca8,function
FUN_00496cc4,0x496cc4,function
FUN_00496d35,0x496d35,function
FUN_00496f24,0x496f24,function
FUN_00496f93,0x496f93,function
FUN_0049728e,0x49728e,function
FUN_004972be,0x4972be,function
FUN_004972fd,0x4972fd,function
FUN_0049733b,0x49733b,function
FUN_00497420,0x497420,function
FUN_00497437,0x497437,function
FUN_0049779e,0x49779e,function
FUN_004977e0,0x4977e0,function
FUN_004977ed,0x4977ed,function
FUN_00497823,0x497823,function
FUN_0049783c,0x49783c,function
FUN_0049785f,0x49785f,function
FUN_00497890,0x497890,function
FUN_004978b3,0x4978b3,function
FUN_004978cd,0x4978cd,function
FUN_0049792b,0x49792b,function
FUN_0049798d,0x49798d,function
FUN_00497ba3,0x497ba3,function
FUN_00497e6c,0x497e6c,function
FUN_00497fe7,0x497fe7,function
FUN_00498183,0x498183,function
FUN_0049820f,0x49820f,function
FUN_00498405,0x498405,function
FUN_0049852f,0x49852f,function
FUN_00498579,0x498579,function
FUN_00498684,0x498684,function
FUN_00498773,0x498773,function
FUN_0049892a,0x49892a,function
FUN_00498974,0x498974,function
FUN_00498b98,0x498b98,function
FUN_00498cb0,0x498cb0,function
FUN_00498e30,0x498e30,function
FUN_00498fc0,0x498fc0,function
FUN_004991b0,0x4991b0,function
FUN_004996a0,0x4996a0,function
FUN_00499790,0x499790,function
FUN_004999c0,0x4999c0,function
FUN_00499ac0,0x499ac0,function
FUN_0049a0a0,0x49a0a0,function
FUN_0049a1c0,0x49a1c0,function
FUN_0049a5b8,0x49a5b8,function
FUN_0049a5c3,0x49a5c3,function
FUN_0049a5c8,0x49a5c8,function
FUN_0049a5dc,0x49a5dc,function
FUN_0049a684,0x49a684,function
FUN_0049a7b5,0x49a7b5,function
FUN_0049a889,0x49a889,function
FUN_0049a91f,0x49a91f,function
FUN_0049a987,0x49a987,function
FUN_0049ab1a,0x49ab1a,function
FUN_0049abed,0x49abed,function
FUN_0049ac3c,0x49ac3c,function
FUN_0049ae16,0x49ae16,function
FUN_0049ae19,0x49ae19,function
FUN_0049afb8,0x49afb8,function
FUN_0049b11e,0x49b11e,function
FUN_0049b71e,0x49b71e,function
FUN_0049b759,0x49b759,function
FUN_0049b851,0x49b851,function
FUN_0049b9fb,0x49b9fb,function
FUN_0049bae5,0x49bae5,function
FUN_0049bbcf,0x49bbcf,function
FUN_0049bc2d,0x49bc2d,function
FUN_0049bffa,0x49bffa,function
FUN_0049c129,0x49c129,function
FUN_0049c163,0x49c163,function
FUN_0049c1be,0x49c1be,function
FUN_0049c3bb,0x49c3bb,function
FUN_0049c5e4,0x49c5e4,function
FUN_0049c6c6,0x49c6c6,function
FUN_0049ca34,0x49ca34,function
FUN_0049ccd7,0x49ccd7,function
FUN_0049cd38,0x49cd38,function
FUN_0049ceef,0x49ceef,function
FUN_0049cf63,0x49cf63,function
FUN_0049cfc8,0x49cfc8,function
FUN_0049d058,0x49d058,function
FUN_0049d18a,0x49d18a,function
FUN_0049d227,0x49d227,function
FUN_0049d300,0x49d300,function
FUN_0049d3dd,0x49d3dd,function
FUN_0049d434,0x49d434,function
FUN_0049d49e,0x49d49e,function
FUN_0049d542,0x49d542,function
FUN_0049d649,0x49d649,function
FUN_0049d80a,0x49d80a,function
FUN_0049d8ba,0x49d8ba,function
FUN_0049d925,0x49d925,function
FUN_0049d948,0x49d948,function
FUN_0049da7a,0x49da7a,function
FUN_0049dbb6,0x49dbb6,function
FUN_0049ddd4,0x49ddd4,function
FUN_0049dfba,0x49dfba,function
FUN_0049e060,0x49e060,function
FUN_0049e091,0x49e091,function
FUN_0049e1e7,0x49e1e7,function
FUN_0049e3cd,0x49e3cd,function
FUN_0049e442,0x49e442,function
FUN_0049e4ae,0x49e4ae,function
FUN_0049e7e6,0x49e7e6,function
FUN_0049e939,0x49e939,function
FUN_0049ea71,0x49ea71,function
FUN_0049eafe,0x49eafe,function
FUN_0049ec7e,0x49ec7e,function
FUN_0049ed98,0x49ed98,function
FUN_0049ee68,0x49ee68,function
FUN_0049ef11,0x49ef11,function
FUN_0049f17f,0x49f17f,function
FUN_0049f231,0x49f231,function
FUN_0049f342,0x49f342,function
FUN_0049f455,0x49f455,function
FUN_0049f520,0x49f520,function
FUN_0049f64d,0x49f64d,function
FUN_0049f778,0x49f778,function
FUN_0049f83d,0x49f83d,function
FUN_0049f8c5,0x49f8c5,function
FUN_0049f952,0x49f952,function
FUN_0049fa3d,0x49fa3d,function
FUN_0049fb3c,0x49fb3c,function
FUN_0049fcc0,0x49fcc0,function
FUN_0049fcf6,0x49fcf6,function
FUN_0049fdd4,0x49fdd4,function
FUN_0049fe5b,0x49fe5b,function
FUN_0049fec6,0x49fec6,function
FUN_0049ff53,0x49ff53,function
FUN_004a06ee,0x4a06ee,function
FUN_004a0722,0x4a0722,function
FUN_004a083b,0x4a083b,function
FUN_004a084b,0x4a084b,function
FUN_004a0856,0x4a0856,function
FUN_004a0b6b,0x4a0b6b,function
FUN_004a0d29,0x4a0d29,function
FUN_004a0d66,0x4a0d66,function
FUN_004a0db2,0x4a0db2,function
FUN_004a0dfe,0x4a0dfe,function
FUN_004a11df,0x4a11df,function
FUN_004a1213,0x4a1213,function
FUN_004a1777,0x4a1777,function
FUN_004a1788,0x4a1788,function
FUN_004a1b0d,0x4a1b0d,function
FUN_004a1b8c,0x4a1b8c,function
FUN_004a1c8f,0x4a1c8f,function
FUN_004a1cbe,0x4a1cbe,function
FUN_004a1dd3,0x4a1dd3,function
FUN_004a2235,0x4a2235,function
FUN_004a28ed,0x4a28ed,function
FUN_004a2c48,0x4a2c48,function
FUN_004a3a1b,0x4a3a1b,function
USER32.DLL::WINNLSEnableIME,0x4a3cd0,function
_onexit_lk,0x4a3cd6,function
_onexit,0x4a3d7e,function
FUN_004a3db0,0x4a3db0,function
atexit,0x4a3db6,function
FUN_004a3dc8,0x4a3dc8,function
FUN_004a3e00,0x4a3e00,function
vsprintf,0x4a3e17,function
_ftol2,0x4a3e70,function
_CIcos,0x4a3ef0,function
FUN_004a3f0d,0x4a3f0d,function
_CIsin,0x4a3fa0,function
FUN_004a3fbd,0x4a3fbd,function
_CIsqrt,0x4a4050,function
FUN_004a406d,0x4a406d,function
_CItan,0x4a4110,function
FUN_004a412d,0x4a412d,function
_heap_alloc,0x4a41c2,function
FUN_004a4234,0x4a4234,function
_nh_malloc,0x4a423d,function
malloc,0x4a4269,function
free,0x4a427b,function
FUN_004a42ce,0x4a42ce,function
FUN_004a42fa,0x4a42fa,function
FUN_004a431a,0x4a431a,function
atol,0x4a4342,function
atol,0x4a43ca,function
operator delete,0x4a43cf,function
operator new,0x4a43d4,function
JumpToContinuation,0x4a43e2,function
CallMemberFunction1,0x4a4412,function
UnwindNestedFrames,0x4a4419,function
__CxxFrameHandler,0x4a446b,function
FUN_004a44c5,0x4a44c5,function
GetRangeOfTrysToCheck,0x4a4536,function
FUN_004a45b0,0x4a45b0,function
FUN_004a45d8,0x4a45d8,function
FindAndUnlinkFrame,0x4a45f9,function
FUN_004a4645,0x4a4645,function
FUN_004a4696,0x4a4696,function
_global_unwind2,0x4a4748,function
_local_unwind2,0x4a478a,function
_abnormal_termination,0x4a47f2,function
_NLG_Notify1,0x4a4815,function
FUN_004a481e,0x4a481e,function
__EH_prolog,0x4a4838,function
sprintf,0x4a4857,function
strrchr,0x4a48b0,function
_chkstk,0x4a48e0,function
memset,0x4a4920,function
memcpy,0x4a4980,function
strlen,0x4a4cc0,function
memmove,0x4a4d50,function
_mkdir,0x4a508d,function
_aulldiv,0x4a50c0,function
_allmul,0x4a5130,function
store_num,0x4a5184,function
FUN_004a51fd,0x4a51fd,function
FUN_004a543d,0x4a543d,function
FUN_004a584f,0x4a584f,function
_Strftime,0x4a58f3,function
strftime,0x4a5925,function
localtime,0x4a5940,function
_time32,0x4a5ac0,function
rename,0x4a5af9,function
_chdir,0x4a5b27,function
strchr,0x4a5be0,function
sscanf,0x4a5c9e,function
strncmp,0x4a5ce0,function
FUN_004a5d20,0x4a5d20,function
FUN_004a5d30,0x4a5d30,function
FUN_004a5e20,0x4a5e20,function
FUN_004a5e3d,0x4a5e3d,function
FUN_004a5f30,0x4a5f30,function
FUN_004a5f88,0x4a5f88,function
rand,0x4a600a,function
purecall,0x4a602c,function
`eh_vector_constructor_iterator',0x4a6035,function
FUN_004a607f,0x4a607f,function
_ArrayUnwind,0x4a6097,function
`eh_vector_destructor_iterator',0x4a60f5,function
FUN_004a613d,0x4a613d,function
_amsg_exit,0x4a6155,function
fast_error_exit,0x4a617a,function
entry,0x4a619e,function
FUN_004a6370,0x4a6370,function
FUN_004a6385,0x4a6385,function
longjmp,0x4a6420,function
_setjmp3,0x4a649c,function
isdigit,0x4a6517,function
isxdigit,0x4a6551,function
isspace,0x4a6590,function
_ftol,0x4a65cc,function
FUN_004a6640,0x4a6640,function
FUN_004a669d,0x4a669d,function
FUN_004a6862,0x4a6862,function
FUN_004a6890,0x4a6890,function
_aullshr,0x4a69c0,function
__crtExitProcess,0x4a69df,function
FUN_004a6a0f,0x4a6a0f,function
FUN_004a6a18,0x4a6a18,function
FUN_004a6a21,0x4a6a21,function
FUN_004a6a86,0x4a6a86,function
FUN_004a6b59,0x4a6b59,function
_exit,0x4a6b6a,function
FUN_004a6b7b,0x4a6b7b,function
calloc,0x4a6b99,function
FUN_004a6c43,0x4a6c43,function
realloc,0x4a6c54,function
FUN_004a6dbc,0x4a6dbc,function
_msize,0x4a6e01,function
FUN_004a6e6e,0x4a6e6e,function
_SEH_prolog,0x4a6e78,function
_SEH_epilog,0x4a6eb3,function
_forcdecpt,0x4a6ec4,function
_fassign,0x4a6f65,function
_shift,0x4a6fa3,function
_cftoe2,0x4a6fc0,function
FUN_004a706e,0x4a706e,function
FUN_004a70e2,0x4a70e2,function
FUN_004a717e,0x4a717e,function
FUN_004a71e6,0x4a71e6,function
_cfltcvt,0x4a7286,function
FUN_004a72d7,0x4a72d7,function
_ms_p5_test_fdiv,0x4a72e9,function
_ms_p5_mp_test_fdiv,0x4a7329,function
_flsbuf,0x4a7352,function
write_char,0x4a746b,function
write_multi_char,0x4a749e,function
write_string,0x4a74c2,function
output,0x4a74f9,function
_trandisp1,0x4a7c90,function
_trandisp2,0x4a7cf7,function
FUN_004a7e53,0x4a7e53,function
FUN_004a7e60,0x4a7e60,function
FUN_004a7e75,0x4a7e75,function
FUN_004a7e8c,0x4a7e8c,function
_fload_withFB,0x4a7ea5,function
FUN_004a7ee8,0x4a7ee8,function
FUN_004a7efe,0x4a7efe,function
_math_exit,0x4a7f0b,function
FUN_004a7f49,0x4a7f49,function
FUN_004a7ff0,0x4a7ff0,function
_startOneArgErrorHandling,0x4a8007,function
_mtinitlocks,0x4a8043,function
_mtdeletelocks,0x4a808c,function
FUN_004a80e1,0x4a80e1,function
FUN_004a80f6,0x4a80f6,function
_lock,0x4a8175,function
__heap_select,0x4a81a6,function
_heap_init,0x4a81c0,function
__sbh_heap_init,0x4a8211,function
__sbh_find_block,0x4a8259,function
__sbh_free_block,0x4a8284,function
__sbh_alloc_new_region,0x4a859c,function
__sbh_alloc_new_group,0x4a8653,function
__sbh_resize_block,0x4a8759,function
__sbh_alloc_block,0x4a8a38,function
_callnewh,0x4a8d34,function
FUN_004a8dbc,0x4a8dbc,function
_cintrindisp2,0x4a8e00,function
_cintrindisp1,0x4a8e3e,function
_ctrandisp2,0x4a8e7b,function
FUN_004a8ec3,0x4a8ec3,function
FUN_004a8eca,0x4a8eca,function
_ctrandisp1,0x4a9011,function
_fload,0x4a9044,function
FUN_004a9886,0x4a9886,function
FUN_004a9a8c,0x4a9a8c,function
FUN_004a9e0b,0x4a9e0b,function
FUN_004a9e82,0x4a9e82,function
FUN_004a9f4c,0x4a9f4c,function
__updatetlocinfo,0x4aa00e,function
FUN_004aa040,0x4aa040,function
FUN_004aa049,0x4aa049,function
_getptd,0x4aa067,function
FUN_004aa0d8,0x4aa0d8,function
TypeMatch,0x4aa147,function
__FrameUnwindToState,0x4aa1b4,function
FUN_004aa267,0x4aa267,function
__DestructExceptionObject,0x4aa282,function
FUN_004aa2c7,0x4aa2c7,function
FUN_004aa2e4,0x4aa2e4,function
FUN_004aa427,0x4aa427,function
BuildCatchObject,0x4aa48b,function
CatchIt,0x4aa607,function
FUN_004aa66e,0x4aa66e,function
FUN_004aa72e,0x4aa72e,function
__InternalCxxFrameHandler,0x4aa910,function
terminate,0x4aa9b2,function
inconsistency,0x4aa9e7,function
_CallSettingFrame@12,0x4aaa20,function
FUN_004aaa6c,0x4aaa6c,function
FUN_004aaad2,0x4aaad2,function
FUN_004aaadb,0x4aaadb,function
_dosmaperr,0x4aaae4,function
FUN_004aab57,0x4aab57,function
cvtdate,0x4aadc8,function
FUN_004aaf80,0x4aaf80,function
FUN_004ab10b,0x4ab10b,function
FUN_004ab139,0x4ab139,function
__ascii_stricmp,0x4ab160,function
FUN_004ab1ae,0x4ab1ae,function
gmtime,0x4ab27f,function
_mbctoupper,0x4ab386,function
report_failure,0x4ab40b,function
FUN_004ab43c,0x4ab43c,function
_inc,0x4ab44a,function
FUN_004ab460,0x4ab460,function
FUN_004abf08,0x4abf08,function
FUN_004abf3d,0x4abf3d,function
FUN_004abfa0,0x4abfa0,function
FUN_004abfbe,0x4abfbe,function
FUN_004ac28c,0x4ac28c,function
_FF_MSGBANNER,0x4ac403,function
_XcptFilter,0x4ac43c,function
FUN_004ac5a0,0x4ac5a0,function
_setenvp,0x4ac609,function
FUN_004ac6d0,0x4ac6d0,function
FUN_004ac83c,0x4ac83c,function
__crtGetEnvironmentStringsA,0x4ac8de,function
FUN_004aca00,0x4aca00,function
FUN_004acbfe,0x4acbfe,function
_set_exp,0x4acc86,function
_sptype,0x4accb0,function
FUN_004acd0b,0x4acd0b,function
_raise_exc,0x4acdc5,function
FUN_004ad06a,0x4ad06a,function
FID_conflict:__set_errno_from_matherr,0x4ad28c,function
_errcode,0x4ad2b4,function
_umatherr,0x4ad2e1,function
_handle_qnan1,0x4ad37f,function
FUN_004ad3d2,0x4ad3d2,function
FUN_004ad490,0x4ad490,function
FUN_004ad49d,0x4ad49d,function
_ctrlfp,0x4ad4ab,function
FUN_004ad4cf,0x4ad4cf,function
_rt_probe_read4@4,0x4ad528,function
FUN_004ad570,0x4ad570,function
FUN_004ad589,0x4ad589,function
FUN_004ae2c7,0x4ae2c7,function
_powhlp,0x4ae331,function
FUN_004ae493,0x4ae493,function
FUN_004ae8bd,0x4ae8bd,function
FUN_004ae8d8,0x4ae8d8,function
tolower,0x4ae9a0,function
_ZeroTail,0x4ae9c2,function
_IncMan,0x4ae9f4,function
_RoundMan,0x4aea41,function
_CopyMan,0x4aeab3,function
_IsZeroMan,0x4aeace,function
_ShrMan,0x4aeae7,function
_ld12cvt,0x4aeb62,function
FID_conflict:__ld12tod,0x4aecba,function
FID_conflict:__ld12tod,0x4aecd0,function
FUN_004aece6,0x4aece6,function
FUN_004aed29,0x4aed29,function
FUN_004aed6c,0x4aed6c,function
__dtold,0x4aede3,function
FUN_004aee9d,0x4aee9d,function
FUN_004aef0f,0x4aef0f,function
_abstract_cw,0x4aef18,function
_hw_cw,0x4aefaa,function
_control87,0x4af038,function
_controlfp,0x4af06a,function
_lseek_lk,0x4af080,function
_lseek,0x4af0f4,function
FUN_004af17b,0x4af17b,function
FUN_004af19f,0x4af19f,function
_write,0x4af344,function
FUN_004af3cb,0x4af3cb,function
_getbuf,0x4af3ef,function
_isatty,0x4af433,function
__wctomb_mt,0x4af5be,function
wctomb,0x4af61e,function
_aulldvrm,0x4af650,function
FUN_004af6e5,0x4af6e5,function
__crtInitCritSecNoSpinCount@8,0x4af7e3,function
__crtInitCritSecAndSpinCount,0x4af7f3,function
__crtGetStringTypeA,0x4af87e,function
__free_lc_time,0x4afa38,function
__free_lconv_num,0x4afbc8,function
__free_lconv_mon,0x4afc27,function
strcspn,0x4afd00,function
strncpy,0x4afd50,function
strcmp,0x4afe80,function
strpbrk,0x4affd0,function
FUN_004b0010,0x4b0010,function
setSBCS,0x4b003f,function
FUN_004b0068,0x4b0068,function
__updatetmbcinfo,0x4b01fa,function
FUN_004b0260,0x4b0260,function
FUN_004b0269,0x4b0269,function
_setmbcp,0x4b03ff,function
FUN_004b0546,0x4b0546,function
__initmbctable,0x4b054f,function
ValidateRead,0x4b056d,function
ValidateRead,0x4b0589,function
ValidateExecute,0x4b05a5,function
abort,0x4b05bd,function
FID_conflict:__getenv_lk,0x4b05d5,function
__crtLCMapStringA,0x4b0656,function
_security_init_cookie,0x4b0a12,function
FUN_004b0a68,0x4b0a68,function
_filbuf,0x4b0bb2,function
FID_conflict:_ungetc,0x4b0c93,function
__mbtowc_mt,0x4b0cff,function
mbtowc,0x4b0dbf,function
__crtMessageBoxA,0x4b0dea,function
FUN_004b0ee3,0x4b0ee3,function
FUN_004b0f14,0x4b0f14,function
FUN_004b0f25,0x4b0f25,function
__addl,0x4b0f38,function
__add_12,0x4b0f59,function
__shl_12,0x4b0fb7,function
__shr_12,0x4b0fe5,function
FUN_004b1012,0x4b1012,function
FUN_004b10f6,0x4b10f6,function
FUN_004b1530,0x4b1530,function
siglookup,0x4b17c4,function
raise,0x4b17f2,function
FUN_004b192d,0x4b192d,function
FUN_004b196b,0x4b196b,function
_get_osfhandle,0x4b19ea,function
FUN_004b1a2b,0x4b1a2b,function
FUN_004b1a9e,0x4b1a9e,function
_lseeki64_lk,0x4b1ac0,function
FUN_004b1bde,0x4b1bde,function
FUN_004b1c3b,0x4b1c3b,function
FUN_004b1d47,0x4b1d47,function
FUN_004b1d90,0x4b1d90,function
_stricmp,0x4b1f5f,function
_mbsnbicoll,0x4b1fc8,function
FUN_004b2016,0x4b2016,function
FUN_004b2081,0x4b2081,function
_read,0x4b224e,function
FUN_004b22d5,0x4b22d5,function
FUN_004b22f9,0x4b22f9,function
FUN_004b2531,0x4b2531,function
FUN_004b25bd,0x4b25bd,function
FUN_004b265a,0x4b265a,function
FUN_004b26fa,0x4b26fa,function
__ascii_strnicmp,0x4b2720,function
strncnt,0x4b2781,function
FUN_004b279d,0x4b279d,function
findenv,0x4b2b27,function
copy_environ,0x4b2b74,function
FUN_004b2bd5,0x4b2bd5,function
FUN_004b2d8a,0x4b2d8a,function
FUN_004b2e0d,0x4b2e0d,function
FUN_004b2e84,0x4b2e84,function
FUN_004b2ea8,0x4b2ea8,function
_strdup,0x4b2ed3,function
_mbschr,0x4b2efe,function
KERNEL32.DLL::RtlUnwind,0x4b2f80,function
Unwind@004b2f90,0x4b2f90,function
Unwind@004b2fa5,0x4b2fa5,function
Unwind@004b2fc0,0x4b2fc0,function
Unwind@004b2fe0,0x4b2fe0,function
Unwind@004b2fe8,0x4b2fe8,function
Unwind@004b2ff3,0x4b2ff3,function
Unwind@004b3010,0x4b3010,function
Unwind@004b3025,0x4b3025,function
Unwind@004b3040,0x4b3040,function
Unwind@004b3060,0x4b3060,function
Unwind@004b3068,0x4b3068,function
Unwind@004b3080,0x4b3080,function
Unwind@004b308d,0x4b308d,function
Unwind@004b30a4,0x4b30a4,function
Unwind@004b30bc,0x4b30bc,function
Unwind@004b30d0,0x4b30d0,function
Unwind@004b30e5,0x4b30e5,function
Unwind@004b3100,0x4b3100,function
Unwind@004b3120,0x4b3120,function
Unwind@004b3135,0x4b3135,function
Unwind@004b3149,0x4b3149,function
Unwind@004b3160,0x4b3160,function
Unwind@004b316b,0x4b316b,function
Unwind@004b3180,0x4b3180,function
Unwind@004b318b,0x4b318b,function
Unwind@004b31a0,0x4b31a0,function
Unwind@004b31c0,0x4b31c0,function
Unwind@004b31e0,0x4b31e0,function
Unwind@004b31f5,0x4b31f5,function
Unwind@004b3214,0x4b3214,function
Unwind@004b321e,0x4b321e,function
Unwind@004b3228,0x4b3228,function
Unwind@004b323c,0x4b323c,function
Unwind@004b3250,0x4b3250,function
Unwind@004b325a,0x4b325a,function
Unwind@004b326e,0x4b326e,function
Unwind@004b3278,0x4b3278,function
Unwind@004b328c,0x4b328c,function
Unwind@004b3296,0x4b3296,function
Unwind@004b32a0,0x4b32a0,function
Unwind@004b32b4,0x4b32b4,function
Unwind@004b32be,0x4b32be,function
Unwind@004b32c8,0x4b32c8,function
Unwind@004b32dc,0x4b32dc,function
Unwind@004b32e6,0x4b32e6,function
Unwind@004b32fa,0x4b32fa,function
Unwind@004b3304,0x4b3304,function
Unwind@004b3318,0x4b3318,function
Unwind@004b3322,0x4b3322,function
Unwind@004b332c,0x4b332c,function
Unwind@004b3340,0x4b3340,function
Unwind@004b3352,0x4b3352,function
Unwind@004b3366,0x4b3366,function
Unwind@004b337a,0x4b337a,function
Unwind@004b3382,0x4b3382,function
Unwind@004b3396,0x4b3396,function
Unwind@004b33aa,0x4b33aa,function
Unwind@004b33bc,0x4b33bc,function
Unwind@004b33c6,0x4b33c6,function
Unwind@004b33d0,0x4b33d0,function
Unwind@004b33da,0x4b33da,function
Unwind@004b33e4,0x4b33e4,function
Unwind@004b33ee,0x4b33ee,function
Unwind@004b33f8,0x4b33f8,function
Unwind@004b3402,0x4b3402,function
Unwind@004b340c,0x4b340c,function
Unwind@004b3416,0x4b3416,function
Unwind@004b3420,0x4b3420,function
Unwind@004b342a,0x4b342a,function
Unwind@004b3434,0x4b3434,function
Unwind@004b343e,0x4b343e,function
Unwind@004b3448,0x4b3448,function
Unwind@004b3452,0x4b3452,function
Unwind@004b345c,0x4b345c,function
Unwind@004b3466,0x4b3466,function
Unwind@004b3470,0x4b3470,function
Unwind@004b347a,0x4b347a,function
Unwind@004b3484,0x4b3484,function
Unwind@004b348e,0x4b348e,function
Unwind@004b3498,0x4b3498,function
Unwind@004b34a2,0x4b34a2,function
Unwind@004b34ac,0x4b34ac,function
Unwind@004b34b6,0x4b34b6,function
Unwind@004b34c0,0x4b34c0,function
Unwind@004b34ca,0x4b34ca,function
Unwind@004b34d4,0x4b34d4,function
Unwind@004b34de,0x4b34de,function
Unwind@004b34e8,0x4b34e8,function
Unwind@004b34f2,0x4b34f2,function
Unwind@004b34fc,0x4b34fc,function
Unwind@004b3506,0x4b3506,function
Unwind@004b3510,0x4b3510,function
Unwind@004b351a,0x4b351a,function
Unwind@004b3524,0x4b3524,function
INIT_ASCII_MANAGER,0x4b3540,function
INIT_ASCII_MANAGER_CALC_CHAIN,0x4b3550,function
INIT_CHAIN_ELEM_004cce00,0x4b3570,function
INIT_CHAIN_ELEM_004e3ff0,0x4b3590,function
INIT_BACKGROUND,0x4b35b0,function
INIT_BACKGROUND_CALC_CHAIN,0x4b35c0,function
INIT_BACKGROUND_HIGH_PRIO_DRAW_CHAIN,0x4b35e0,function
INIT_BACKGROUND_LOW_PRIO_DRAW_CHAIN,0x4b3600,function
INIT_SPELLCARD,0x4b3620,function
INIT_CHAIN_ELEM_004ece40,0x4b3630,function
FUN_004b3650,0x4b3650,function
INIT_EFFECT_MANAGER,0x4b3660,function
INIT_CHAIN_ELEM_00577ebc,0x4b3670,function
INIT_CHAIN_ELEM_00577edc,0x4b3690,function
INIT_CHAIN_ELEM_00f54e30,0x4b36b0,function
INIT_CHAIN_ELEM_00577f00,0x4b36d0,function
INIT_CHAIN_ELEM_00f54e50,0x4b36f0,function
INIT_ENEMY_MANAGER,0x4b3710,function
INIT_CHAIN_ELEM_0160f408,0x4b3720,function
INIT_CHAIN_ELEM_00f54e70,0x4b3740,function
INIT_BULLET_MANAGER,0x4b3760,function
INIT_CHAIN_ELEM_0160f4e4,0x4b376f,function
INIT_CHAIN_ELEM_0160f4c4,0x4b3789,function
INIT_GAME_MANAGER,0x4b37a3,function
INIT_CHAIN_ELEM_0164d344,0x4b37b2,function
INIT_CHAIN_ELEM_0164d364,0x4b37cc,function
INIT_CHAIN,0x4b37f0,function
INIT_ZUN_MEMORY,0x4b3810,function
INIT_PBG_ARCHIVE,0x4b3830,function
INIT_GAME_ERROR_CONTEXT,0x4b3850,function
INIT_ITEM_MANAGER,0x4b3870,function
INIT_CHAIN_ELEM_017ce6dc,0x4b3880,function
INIT_CHAIN_ELEM_01653628,0x4b38a0,function
INIT_GAME_WINDOW,0x4b38c0,function
INIT_SUPERVISOR,0x4b38cf,function
INIT_SOME_ANM_VM_ARRAY,0x4b38de,function
INIT_PLAYER,0x4b3920,function
INIT_SCREEN_EFFECT,0x4b3930,function
FUN_004b3940,0x4b3940,function
FUN_004b3950,0x4b3950,function
FUN_004b3970,0x4b3970,function
FUN_004b3990,0x4b3990,function
FUN_004b39b0,0x4b39b0,function
FUN_004b39e0,0x4b39e0,function
FUN_004b39f0,0x4b39f0,function
FUN_004b3a00,0x4b3a00,function
FUN_004b3a10,0x4b3a10,function
FUN_004b3a20,0x4b3a20,function
FUN_004b3a30,0x4b3a30,function
FUN_004b3a40,0x4b3a40,function
FUN_004b3a50,0x4b3a50,function
FUN_004b3a60,0x4b3a60,function
FUN_004b3a70,0x4b3a70,function
FUN_004b3a80,0x4b3a80,function
FUN_004b3a90,0x4b3a90,function
FUN_004b3aa0,0x4b3aa0,function
FUN_004b3ab0,0x4b3ab0,function
FUN_004b3abf,0x4b3abf,function
FUN_004b3ace,0x4b3ace,function
FUN_004b3add,0x4b3add,function
FUN_004b3aec,0x4b3aec,function
FUN_004b3b00,0x4b3b00,function
FUN_004b3b10,0x4b3b10,function
DESTROY_PBG_ARCHIVE,0x4b3b20,function
DESTROY_GAME_ERROR_CONTEXT,0x4b3b30,function
FUN_004b3b40,0x4b3b40,function
FUN_004b3b50,0x4b3b50,function
FUN_004b3b60,0x4b3b60,function
th08::MidiTimer::`vftable',0x4b6550,vtable
th08::MidiOutput::`vftable',0x4b6554,vtable
th08::DummyMidiTimer::`vftable',0x4b677c,vtable
th08::g_TextureFormatD3D8Mapping,0x4b8480,global
th08::g_TextureFormatBytesPerPixel,0x4b8498,global
th08::CSound::`vftable',0x4b96bc,vtable
th08::CStreamingSound::`vftable',0x4b96c0,vtable
th08::CPbgFile::`vftable',0x4b98b4,vtable
th08::IPbgFile::`vftable',0x4b98d8,vtable
th08::g_PbgFileSeekModes,0x4b98f8,global
IID_IDirectSoundNotify,0x4bd610,global
IID_IDirectInput8A,0x4bd6c0,global
IID_IShellLinkA,0x4bd6d0,global
CLSID_ShellLink,0x4bd6e0,global
IPersistFile,0x4bd6f0,global
th08::g_EclExInsn,0x4c6cb0,global
th08::g_StageAnmFiles,0x4c72f8,global
th08::g_StageStdFiles,0x4c731c,global
g_StageEnemyAnms,0x4c7364,global
th08::g_ControllerMapping,0x4c78c8,global
th08::g_DecryptParams,0x4c78e0,global
th08::g_CryptSignature,0x4c7940,global
th08::g_FormatInfoArray,0x4c7948,global
th08::g_PowerUpThresholds,0x4c7a6c,global
th08::g_PointItemExtendThresholds,0x4c7a84,global
th08::g_ExPointItemExtendThresholds,0x4c7a9c,global
th08::g_PlayerAnmFilenames,0x4c7cb0,global
th08::g_Player1ShtFiles,0x4c7ce0,global
th08::g_Player2ShtFile,0x4c7d10,global
th08::g_AlphabetList,0x4c7f48,global
th08::g_CharacterList,0x4c7f4c,global
th08::g_ResultsStageList,0x4c7fac,global
th08::g_ResultsDifficultyList,0x4c7fd4,global
th08::g_SpellcardsWeightList,0x4c7fe8,global
th08::g_RightAlignedDifficultyList,0x4c7ffc,global
th08::g_SoundBufferIdxVol,0x4c8040,global
th08::g_SFXList,0x4c81b0,global
th08::g_PbgFileOpenModes,0x4c8704,global
FLOAT_0.5_004c9fd0,0x4c9fd0,global
FLOAT_3.0_004c9fe0,0x4c9fe0,global
th08::g_AsciiManagerDrawChainLowPrio,0x4cce00,global
th08::g_AsciiManager,0x4cce20,global
th08::g_AsciiManagerCalcChain,0x4e3fd0,global
th08::g_AsciiManagerDrawChainHighPrio,0x4e3ff0,global
th08::g_BackgroundDrawChainHighPrio,0x4e4010,global
th08::g_Background,0x4e4030,global
th08::g_BackgroundDrawChainLowPrio,0x4ea630,global
th08::g_BackgroundCalcChain,0x4ea650,global
th08::g_SpellcardCalcChain,0x4eccac,global
th08::g_SpellcardDrawChain,0x4eccb0,global
th08::g_EffectManager,0x4ece60,global
th08::g_EffectManagerCalcChain,0x577ebc,global
th08::g_EffectManagerDrawChain,0x577edc,global
th08::g_EnemyManagerDrawChainHighPrio,0x577f00,global
th08::g_EnemyManager,0x577f20,global
th08::g_EnemyManagerCalcChain,0xf54e30,global
th08::g_EnemyManagerDrawChainLowPrio,0xf54e50,global
th08::g_BulletManagerDrawChain,0xf54e70,global
th08::g_BulletManager,0xf54e90,global
th08::g_BulletManagerCalcChain,0x160f408,global
th08::g_Gui,0x160f428,global
th08::g_GuiDrawChain,0x160f4c4,global
th08::g_GuiCalcChain,0x160f4e4,global
th08::g_GameManager,0x160f508,global
th08::g_GameManagerCalcChain,0x164d344,global
th08::g_GameManagerDrawChain,0x164d364,global
th08::g_JoystickCaps,0x164d388,global
th08::g_FocusButtonConflictState,0x164d51c,global
th08::g_Rng,0x164d520,global
th08::g_CurFrameInput,0x164d528,global
th08::g_LastFrameInput,0x164d530,global
th08::g_IsEighthFrameOfHeldInput,0x164d538,global
th08::g_NumOfFramesInputsWereHeld,0x164d53c,global
th08::g_GameErrorContext,0x164d540,global
th08::g_Chain,0x164f548,global
th08::g_PbgArchive,0x164f588,global
th08::g_ZunMemory,0x164f598,global
th08::g_ControllerData,0x16535a0,global
th08::g_TextBufferSurface,0x1653620,global
th08::g_ItemManager,0x1653648,global
th08::g_ExclusiveMutex,0x17ce6fc,global
th08::g_GameWindow,0x17ce700,global
th08::g_Supervisor,0x17ce758,global
th08::g_SupervisorLoadingVms,0x17ceac0,global
th08::g_MusicRoom,0x17cf4c8,global
th08::g_PlayerCalcChain,0x18b8a08,global
th08::g_PlayerDrawChainHighPrio,0x18b8a0c,global
th08::g_PlayerDrawChainLowPrio,0x18b8a10,global
th08::g_ReplayManager,0x18b8a28,global
th08::g_SoundPlayer,0x18b8a68,global
th08::g_AnmManager,0x18bdc90,global
th08::g_QuadVertices,0x18bdc98,global
g_BackgroundQuadVertices,0x18bdd68,global
th08::g_Title,0x18bde08,global
th08::Lzss::m_Tree,0x18bdf58,global
th08::Lzss::m_Dict,0x18d5f68,global
FLOAT_near_0_018da00c,0x18da00c,global
FLOAT_0.5_018da010,0x18da010,global
FLOAT_3.0_018da014,0x18da014,global
FLOAT_near_0_018da220,0x18da220,global
FLOAT_0.5_018da220,0x18da224,global
FLOAT_3.0_018da228,0x18da228,global
FLOAT_near_0_018da22c,0x18da22c,global
FLOAT_0.5_018da230,0x18da230,global
FLOAT_3.0_018da234,0x18da234,global
